Transaction ID,Date,Customer ID,Gender,Age,Product Category,Quantity,Price per Unit,Total Amount,year,Month,Weekday,Month_name,Spending Tier,Age Group
1,11/24/2023,CUST001,Male,34,Beauty,3,50,150,2023,11,Friday,November,3,26 to 35
2,2/27/2023,CUST002,Female,26,Clothing,2,500,1000,2023,2,Monday,February,4,26 to 35
3,1/13/2023,CUST003,Male,50,Electronics,1,30,30,2023,1,Friday,January,1,36 to 50
4,5/21/2023,CUST004,Male,37,Clothing,1,500,500,2023,5,Sunday,May,3,36 to 50
5,5/6/2023,CUST005,Male,30,Beauty,2,50,100,2023,5,Saturday,May,2,26 to 35
6,4/25/2023,CUST006,Female,45,Beauty,1,30,30,2023,4,Tuesday,April,1,36 to 50
7,3/13/2023,CUST007,Male,46,Clothing,2,25,50,2023,3,Monday,March,1,36 to 50
8,2/22/2023,CUST008,Male,30,Electronics,4,25,100,2023,2,Wednesday,February,2,26 to 35
9,12/13/2023,CUST009,Male,63,Electronics,2,300,600,2023,12,Wednesday,December,3,51+
10,10/7/2023,CUST010,Female,52,Clothing,4,50,200,2023,10,Saturday,October,3,51+
11,2/14/2023,CUST011,Male,23,Clothing,2,50,100,2023,2,Tuesday,February,2,18 to 25
12,10/30/2023,CUST012,Male,35,Beauty,3,25,75,2023,10,Monday,October,2,26 to 35
13,8/5/2023,CUST013,Male,22,Electronics,3,500,1500,2023,8,Saturday,August,4,18 to 25
14,1/17/2023,CUST014,Male,64,Clothing,4,30,120,2023,1,Tuesday,January,2,51+
15,1/16/2023,CUST015,Female,42,Electronics,4,500,2000,2023,1,Monday,January,4,36 to 50
16,2/17/2023,CUST016,Male,19,Clothing,3,500,1500,2023,2,Friday,February,4,18 to 25
17,4/22/2023,CUST017,Female,27,Clothing,4,25,100,2023,4,Saturday,April,2,26 to 35
18,4/30/2023,CUST018,Female,47,Electronics,2,25,50,2023,4,Sunday,April,1,36 to 50
19,9/16/2023,CUST019,Female,62,Clothing,2,25,50,2023,9,Saturday,September,1,51+
20,11/5/2023,CUST020,Male,22,Clothing,3,300,900,2023,11,Sunday,November,3,18 to 25
21,1/14/2023,CUST021,Female,50,Beauty,1,500,500,2023,1,Saturday,January,3,36 to 50
22,10/15/2023,CUST022,Male,18,Clothing,2,50,100,2023,10,Sunday,October,2,18 to 25
23,4/12/2023,CUST023,Female,35,Clothing,4,30,120,2023,4,Wednesday,April,2,26 to 35
24,11/29/2023,CUST024,Female,49,Clothing,1,300,300,2023,11,Wednesday,November,3,36 to 50
25,12/26/2023,CUST025,Female,64,Beauty,1,50,50,2023,12,Tuesday,December,1,51+
26,10/7/2023,CUST026,Female,28,Electronics,2,500,1000,2023,10,Saturday,October,4,26 to 35
27,8/3/2023,CUST027,Female,38,Beauty,2,25,50,2023,8,Thursday,August,1,36 to 50
28,4/23/2023,CUST028,Female,43,Beauty,1,500,500,2023,4,Sunday,April,3,36 to 50
29,8/18/2023,CUST029,Female,42,Electronics,1,30,30,2023,8,Friday,August,1,36 to 50
30,10/29/2023,CUST030,Female,39,Beauty,3,300,900,2023,10,Sunday,October,3,36 to 50
31,5/23/2023,CUST031,Male,44,Electronics,4,300,1200,2023,5,Tuesday,May,4,36 to 50
32,1/4/2023,CUST032,Male,30,Beauty,3,30,90,2023,1,Wednesday,January,2,26 to 35
33,3/23/2023,CUST033,Female,50,Electronics,2,50,100,2023,3,Thursday,March,2,36 to 50
34,12/24/2023,CUST034,Female,51,Clothing,3,50,150,2023,12,Sunday,December,3,51+
35,8/5/2023,CUST035,Female,58,Beauty,3,300,900,2023,8,Saturday,August,3,51+
36,6/24/2023,CUST036,Male,52,Beauty,3,300,900,2023,6,Saturday,June,3,51+
37,5/23/2023,CUST037,Female,18,Beauty,3,25,75,2023,5,Tuesday,May,2,18 to 25
38,3/21/2023,CUST038,Male,38,Beauty,4,50,200,2023,3,Tuesday,March,3,36 to 50
39,4/21/2023,CUST039,Male,23,Clothing,4,30,120,2023,4,Friday,April,2,18 to 25
40,6/22/2023,CUST040,Male,45,Beauty,1,50,50,2023,6,Thursday,June,1,36 to 50
41,2/22/2023,CUST041,Male,34,Clothing,2,25,50,2023,2,Wednesday,February,1,26 to 35
42,2/17/2023,CUST042,Male,22,Clothing,3,300,900,2023,2,Friday,February,3,18 to 25
43,7/14/2023,CUST043,Female,48,Clothing,1,300,300,2023,7,Friday,July,3,36 to 50
44,2/19/2023,CUST044,Female,22,Clothing,1,25,25,2023,2,Sunday,February,1,18 to 25
45,7/3/2023,CUST045,Female,55,Electronics,1,30,30,2023,7,Monday,July,1,51+
46,6/26/2023,CUST046,Female,20,Electronics,4,300,1200,2023,6,Monday,June,4,18 to 25
47,11/6/2023,CUST047,Female,40,Beauty,3,500,1500,2023,11,Monday,November,4,36 to 50
48,5/16/2023,CUST048,Male,54,Electronics,3,300,900,2023,5,Tuesday,May,3,51+
49,1/23/2023,CUST049,Female,54,Electronics,2,500,1000,2023,1,Monday,January,4,51+
50,8/24/2023,CUST050,Female,27,Beauty,3,25,75,2023,8,Thursday,August,2,26 to 35
51,10/2/2023,CUST051,Male,27,Beauty,3,25,75,2023,10,Monday,October,2,26 to 35
52,3/5/2023,CUST052,Female,36,Beauty,1,300,300,2023,3,Sunday,March,3,36 to 50
53,7/13/2023,CUST053,Male,34,Electronics,2,50,100,2023,7,Thursday,July,2,26 to 35
54,2/10/2023,CUST054,Female,38,Electronics,3,500,1500,2023,2,Friday,February,4,36 to 50
55,10/10/2023,CUST055,Male,31,Beauty,4,30,120,2023,10,Tuesday,October,2,26 to 35
56,5/31/2023,CUST056,Female,26,Clothing,3,300,900,2023,5,Wednesday,May,3,26 to 35
57,11/18/2023,CUST057,Female,63,Beauty,1,30,30,2023,11,Saturday,November,1,51+
58,11/13/2023,CUST058,Male,18,Clothing,4,300,1200,2023,11,Monday,November,4,18 to 25
59,7/5/2023,CUST059,Male,62,Clothing,1,50,50,2023,7,Wednesday,July,1,51+
60,10/23/2023,CUST060,Male,30,Beauty,3,50,150,2023,10,Monday,October,3,26 to 35
61,4/9/2023,CUST061,Male,21,Beauty,4,50,200,2023,4,Sunday,April,3,18 to 25
62,12/27/2023,CUST062,Male,18,Beauty,2,50,100,2023,12,Wednesday,December,2,18 to 25
63,2/5/2023,CUST063,Male,57,Electronics,2,25,50,2023,2,Sunday,February,1,51+
64,1/24/2023,CUST064,Male,49,Clothing,4,25,100,2023,1,Tuesday,January,2,36 to 50
65,12/5/2023,CUST065,Male,51,Electronics,4,500,2000,2023,12,Tuesday,December,4,51+
66,4/27/2023,CUST066,Female,45,Electronics,1,30,30,2023,4,Thursday,April,1,36 to 50
67,5/29/2023,CUST067,Female,48,Beauty,4,300,1200,2023,5,Monday,May,4,36 to 50
68,2/10/2023,CUST068,Male,25,Electronics,1,300,300,2023,2,Friday,February,3,18 to 25
69,4/30/2023,CUST069,Female,56,Beauty,3,25,75,2023,4,Sunday,April,2,51+
70,2/21/2023,CUST070,Female,43,Clothing,1,300,300,2023,2,Tuesday,February,3,36 to 50
71,7/14/2023,CUST071,Female,51,Beauty,4,25,100,2023,7,Friday,July,2,51+
72,5/23/2023,CUST072,Female,20,Electronics,4,500,2000,2023,5,Tuesday,May,4,18 to 25
73,8/21/2023,CUST073,Male,29,Electronics,3,30,90,2023,8,Monday,August,2,26 to 35
74,11/22/2023,CUST074,Female,18,Beauty,4,500,2000,2023,11,Wednesday,November,4,18 to 25
75,7/6/2023,CUST075,Male,61,Beauty,4,50,200,2023,7,Thursday,July,3,51+
76,3/25/2023,CUST076,Female,22,Electronics,2,50,100,2023,3,Saturday,March,2,18 to 25
77,7/9/2023,CUST077,Female,47,Clothing,2,50,100,2023,7,Sunday,July,2,36 to 50
78,7/1/2023,CUST078,Female,47,Clothing,3,500,1500,2023,7,Saturday,July,4,36 to 50
79,4/18/2023,CUST079,Male,34,Beauty,1,300,300,2023,4,Tuesday,April,3,26 to 35
80,12/10/2023,CUST080,Female,64,Clothing,2,30,60,2023,12,Sunday,December,1,51+
81,5/17/2023,CUST081,Male,40,Electronics,1,50,50,2023,5,Wednesday,May,1,36 to 50
82,12/26/2023,CUST082,Female,32,Beauty,4,50,200,2023,12,Tuesday,December,3,26 to 35
83,12/16/2023,CUST083,Male,54,Electronics,2,50,100,2023,12,Saturday,December,2,51+
84,11/28/2023,CUST084,Female,38,Electronics,3,30,90,2023,11,Tuesday,November,2,36 to 50
85,2/6/2023,CUST085,Male,31,Clothing,3,50,150,2023,2,Monday,February,3,26 to 35
86,11/8/2023,CUST086,Male,19,Beauty,3,30,90,2023,11,Wednesday,November,2,18 to 25
87,11/22/2023,CUST087,Female,28,Beauty,2,50,100,2023,11,Wednesday,November,2,26 to 35
88,3/29/2023,CUST088,Male,56,Clothing,1,500,500,2023,3,Wednesday,March,3,51+
89,10/1/2023,CUST089,Female,55,Electronics,4,500,2000,2023,10,Sunday,October,4,51+
90,5/6/2023,CUST090,Female,51,Electronics,1,30,30,2023,5,Saturday,May,1,51+
91,3/25/2023,CUST091,Female,55,Electronics,1,500,500,2023,3,Saturday,March,3,51+
92,8/25/2023,CUST092,Female,51,Electronics,4,30,120,2023,8,Friday,August,2,51+
93,7/14/2023,CUST093,Female,35,Beauty,4,500,2000,2023,7,Friday,July,4,26 to 35
94,5/19/2023,CUST094,Female,47,Beauty,2,500,1000,2023,5,Friday,May,4,36 to 50
95,11/24/2023,CUST095,Female,32,Clothing,2,30,60,2023,11,Friday,November,1,26 to 35
96,12/19/2023,CUST096,Female,44,Clothing,2,300,600,2023,12,Tuesday,December,3,36 to 50
97,10/13/2023,CUST097,Female,51,Beauty,2,500,1000,2023,10,Friday,October,4,51+
98,4/23/2023,CUST098,Female,55,Beauty,2,50,100,2023,4,Sunday,April,2,51+
99,12/17/2023,CUST099,Female,50,Electronics,4,300,1200,2023,12,Sunday,December,4,36 to 50
100,6/16/2023,CUST100,Male,41,Electronics,1,30,30,2023,6,Friday,June,1,36 to 50
101,1/29/2023,CUST101,Male,32,Clothing,2,300,600,2023,1,Sunday,January,3,26 to 35
102,4/28/2023,CUST102,Female,47,Beauty,2,25,50,2023,4,Friday,April,1,36 to 50
103,1/17/2023,CUST103,Female,59,Clothing,1,25,25,2023,1,Tuesday,January,1,51+
104,6/11/2023,CUST104,Female,34,Beauty,2,500,1000,2023,6,Sunday,June,4,26 to 35
105,7/25/2023,CUST105,Female,22,Electronics,1,500,500,2023,7,Tuesday,July,3,18 to 25
106,5/18/2023,CUST106,Female,46,Clothing,1,50,50,2023,5,Thursday,May,1,36 to 50
107,2/3/2023,CUST107,Female,21,Clothing,4,300,1200,2023,2,Friday,February,4,18 to 25
108,4/19/2023,CUST108,Female,27,Beauty,3,25,75,2023,4,Wednesday,April,2,26 to 35
109,10/18/2023,CUST109,Female,34,Electronics,4,500,2000,2023,10,Wednesday,October,4,26 to 35
110,6/11/2023,CUST110,Male,27,Clothing,3,300,900,2023,6,Sunday,June,3,26 to 35
111,4/19/2023,CUST111,Female,34,Electronics,3,500,1500,2023,4,Wednesday,April,4,26 to 35
112,12/2/2023,CUST112,Male,37,Clothing,3,500,1500,2023,12,Saturday,December,4,36 to 50
113,9/13/2023,CUST113,Female,41,Electronics,2,25,50,2023,9,Wednesday,September,1,36 to 50
114,7/22/2023,CUST114,Female,22,Beauty,4,25,100,2023,7,Saturday,July,2,18 to 25
115,11/26/2023,CUST115,Male,51,Clothing,3,500,1500,2023,11,Sunday,November,4,51+
116,8/23/2023,CUST116,Female,23,Clothing,1,30,30,2023,8,Wednesday,August,1,18 to 25
117,3/15/2023,CUST117,Male,19,Electronics,2,500,1000,2023,3,Wednesday,March,4,18 to 25
118,5/16/2023,CUST118,Female,30,Electronics,4,500,2000,2023,5,Tuesday,May,4,26 to 35
119,3/13/2023,CUST119,Female,60,Clothing,3,50,150,2023,3,Monday,March,3,51+
120,5/7/2023,CUST120,Male,60,Beauty,1,50,50,2023,5,Sunday,May,1,51+
121,10/15/2023,CUST121,Female,28,Electronics,4,50,200,2023,10,Sunday,October,3,26 to 35
122,10/3/2023,CUST122,Male,64,Electronics,4,30,120,2023,10,Tuesday,October,2,51+
123,5/15/2023,CUST123,Female,40,Electronics,2,30,60,2023,5,Monday,May,1,36 to 50
124,10/27/2023,CUST124,Male,33,Clothing,4,500,2000,2023,10,Friday,October,4,26 to 35
125,8/8/2023,CUST125,Male,48,Clothing,2,50,100,2023,8,Tuesday,August,2,36 to 50
126,10/26/2023,CUST126,Female,28,Clothing,3,30,90,2023,10,Thursday,October,2,26 to 35
127,7/24/2023,CUST127,Female,33,Clothing,2,25,50,2023,7,Monday,July,1,26 to 35
128,7/5/2023,CUST128,Male,25,Beauty,1,500,500,2023,7,Wednesday,July,3,18 to 25
129,4/23/2023,CUST129,Female,21,Beauty,2,300,600,2023,4,Sunday,April,3,18 to 25
130,3/12/2023,CUST130,Female,57,Clothing,1,500,500,2023,3,Sunday,March,3,51+
131,9/18/2023,CUST131,Female,21,Beauty,2,300,600,2023,9,Monday,September,3,18 to 25
132,9/10/2023,CUST132,Male,42,Electronics,4,50,200,2023,9,Sunday,September,3,36 to 50
133,2/16/2023,CUST133,Male,20,Electronics,3,300,900,2023,2,Thursday,February,3,18 to 25
134,1/25/2023,CUST134,Male,49,Electronics,1,50,50,2023,1,Wednesday,January,1,36 to 50
135,2/26/2023,CUST135,Male,20,Clothing,2,25,50,2023,2,Sunday,February,1,18 to 25
136,3/20/2023,CUST136,Male,44,Electronics,2,300,600,2023,3,Monday,March,3,36 to 50
137,11/18/2023,CUST137,Male,46,Beauty,2,500,1000,2023,11,Saturday,November,4,36 to 50
138,3/23/2023,CUST138,Male,49,Clothing,4,50,200,2023,3,Thursday,March,3,36 to 50
139,12/15/2023,CUST139,Male,36,Beauty,4,500,2000,2023,12,Friday,December,4,36 to 50
140,8/5/2023,CUST140,Male,38,Electronics,1,30,30,2023,8,Saturday,August,1,36 to 50
141,11/2/2023,CUST141,Female,22,Electronics,1,50,50,2023,11,Thursday,November,1,18 to 25
142,2/2/2023,CUST142,Male,35,Electronics,4,300,1200,2023,2,Thursday,February,4,26 to 35
143,7/17/2023,CUST143,Female,45,Clothing,1,50,50,2023,7,Monday,July,1,36 to 50
144,7/15/2023,CUST144,Female,59,Beauty,3,500,1500,2023,7,Saturday,July,4,51+
145,11/2/2023,CUST145,Female,39,Clothing,3,25,75,2023,11,Thursday,November,2,36 to 50
146,8/28/2023,CUST146,Male,38,Clothing,4,50,200,2023,8,Monday,August,3,36 to 50
147,9/28/2023,CUST147,Male,23,Electronics,1,300,300,2023,9,Thursday,September,3,18 to 25
148,5/9/2023,CUST148,Male,18,Clothing,2,30,60,2023,5,Tuesday,May,1,18 to 25
149,10/11/2023,CUST149,Male,22,Clothing,3,25,75,2023,10,Wednesday,October,2,18 to 25
150,1/6/2023,CUST150,Female,58,Electronics,4,30,120,2023,1,Friday,January,2,51+
151,12/15/2023,CUST151,Male,29,Clothing,1,50,50,2023,12,Friday,December,1,26 to 35
152,2/28/2023,CUST152,Male,43,Electronics,4,500,2000,2023,2,Tuesday,February,4,36 to 50
153,12/16/2023,CUST153,Male,63,Electronics,2,500,1000,2023,12,Saturday,December,4,51+
154,10/2/2023,CUST154,Male,51,Electronics,3,300,900,2023,10,Monday,October,3,51+
155,5/17/2023,CUST155,Male,31,Electronics,4,500,2000,2023,5,Wednesday,May,4,26 to 35
156,11/25/2023,CUST156,Female,43,Clothing,4,25,100,2023,11,Saturday,November,2,36 to 50
157,6/24/2023,CUST157,Male,62,Electronics,4,500,2000,2023,6,Saturday,June,4,51+
158,2/27/2023,CUST158,Female,44,Electronics,2,300,600,2023,2,Monday,February,3,36 to 50
159,5/31/2023,CUST159,Male,26,Clothing,4,50,200,2023,5,Wednesday,May,3,26 to 35
160,8/11/2023,CUST160,Female,43,Clothing,2,50,100,2023,8,Friday,August,2,36 to 50
161,3/22/2023,CUST161,Male,64,Beauty,2,500,1000,2023,3,Wednesday,March,4,51+
162,8/21/2023,CUST162,Male,39,Clothing,2,30,60,2023,8,Monday,August,1,36 to 50
163,1/2/2023,CUST163,Female,64,Clothing,3,50,150,2023,1,Monday,January,3,51+
164,5/15/2023,CUST164,Female,47,Beauty,3,500,1500,2023,5,Monday,May,4,36 to 50
165,9/14/2023,CUST165,Female,60,Clothing,4,300,1200,2023,9,Thursday,September,4,51+
166,4/2/2023,CUST166,Male,34,Clothing,4,500,2000,2023,4,Sunday,April,4,26 to 35
167,9/17/2023,CUST167,Female,43,Clothing,3,50,150,2023,9,Sunday,September,3,36 to 50
168,2/24/2023,CUST168,Male,53,Clothing,1,300,300,2023,2,Friday,February,3,51+
169,11/17/2023,CUST169,Male,18,Beauty,3,500,1500,2023,11,Friday,November,4,18 to 25
170,6/2/2023,CUST170,Female,25,Clothing,2,25,50,2023,6,Friday,June,1,18 to 25
171,11/24/2023,CUST171,Female,52,Clothing,3,300,900,2023,11,Friday,November,3,51+
172,9/17/2023,CUST172,Male,32,Beauty,2,25,50,2023,9,Sunday,September,1,26 to 35
173,11/8/2023,CUST173,Male,64,Electronics,4,30,120,2023,11,Wednesday,November,2,51+
174,4/12/2023,CUST174,Female,39,Beauty,1,300,300,2023,4,Wednesday,April,3,36 to 50
175,3/20/2023,CUST175,Female,31,Electronics,4,25,100,2023,3,Monday,March,2,26 to 35
176,7/11/2023,CUST176,Female,43,Beauty,2,50,100,2023,7,Tuesday,July,2,36 to 50
177,3/24/2023,CUST177,Male,45,Beauty,2,50,100,2023,3,Friday,March,2,36 to 50
178,10/4/2023,CUST178,Male,40,Clothing,2,30,60,2023,10,Wednesday,October,1,36 to 50
179,9/29/2023,CUST179,Male,31,Electronics,1,300,300,2023,9,Friday,September,3,26 to 35
180,1/1/2023,CUST180,Male,41,Clothing,3,300,900,2023,1,Sunday,January,3,36 to 50
181,11/3/2023,CUST181,Male,19,Electronics,4,300,1200,2023,11,Friday,November,4,18 to 25
182,6/15/2023,CUST182,Male,62,Beauty,4,30,120,2023,6,Thursday,June,2,51+
183,9/8/2023,CUST183,Female,43,Beauty,3,300,900,2023,9,Friday,September,3,36 to 50
184,1/10/2023,CUST184,Male,31,Electronics,4,50,200,2023,1,Tuesday,January,3,26 to 35
185,2/27/2023,CUST185,Male,24,Clothing,1,25,25,2023,2,Monday,February,1,18 to 25
186,7/5/2023,CUST186,Male,20,Clothing,4,50,200,2023,7,Wednesday,July,3,18 to 25
187,6/7/2023,CUST187,Female,64,Clothing,2,50,100,2023,6,Wednesday,June,2,51+
188,5/3/2023,CUST188,Male,40,Clothing,3,25,75,2023,5,Wednesday,May,2,36 to 50
189,1/30/2023,CUST189,Male,63,Beauty,1,50,50,2023,1,Monday,January,1,51+
190,5/4/2023,CUST190,Female,60,Beauty,3,30,90,2023,5,Thursday,May,2,51+
191,10/18/2023,CUST191,Male,64,Beauty,1,25,25,2023,10,Wednesday,October,1,51+
192,2/10/2023,CUST192,Male,62,Beauty,2,50,100,2023,2,Friday,February,2,51+
193,2/13/2023,CUST193,Male,35,Beauty,3,500,1500,2023,2,Monday,February,4,26 to 35
194,9/6/2023,CUST194,Male,55,Clothing,4,50,200,2023,9,Wednesday,September,3,51+
195,2/5/2023,CUST195,Male,52,Clothing,1,30,30,2023,2,Sunday,February,1,51+
196,9/30/2023,CUST196,Female,32,Clothing,3,300,900,2023,9,Saturday,September,3,26 to 35
197,3/6/2023,CUST197,Female,42,Clothing,4,50,200,2023,3,Monday,March,3,36 to 50
198,3/7/2023,CUST198,Female,54,Beauty,3,300,900,2023,3,Tuesday,March,3,51+
199,12/4/2023,CUST199,Male,45,Beauty,3,500,1500,2023,12,Monday,December,4,36 to 50
200,9/1/2023,CUST200,Male,27,Beauty,3,50,150,2023,9,Friday,September,3,26 to 35
201,10/9/2023,CUST201,Male,56,Electronics,1,25,25,2023,10,Monday,October,1,51+
202,3/26/2023,CUST202,Female,34,Clothing,4,300,1200,2023,3,Sunday,March,4,26 to 35
203,5/16/2023,CUST203,Male,56,Clothing,2,500,1000,2023,5,Tuesday,May,4,51+
204,9/28/2023,CUST204,Male,39,Beauty,1,25,25,2023,9,Thursday,September,1,36 to 50
205,11/7/2023,CUST205,Female,43,Clothing,1,25,25,2023,11,Tuesday,November,1,36 to 50
206,8/5/2023,CUST206,Male,61,Clothing,1,25,25,2023,8,Saturday,August,1,51+
207,4/19/2023,CUST207,Female,42,Beauty,2,25,50,2023,4,Wednesday,April,1,36 to 50
208,10/4/2023,CUST208,Female,34,Electronics,4,50,200,2023,10,Wednesday,October,3,26 to 35
209,12/20/2023,CUST209,Female,30,Electronics,4,50,200,2023,12,Wednesday,December,3,26 to 35
210,4/13/2023,CUST210,Male,37,Electronics,4,50,200,2023,4,Thursday,April,3,36 to 50
211,1/1/2024,CUST211,Male,42,Beauty,3,500,1500,2024,1,Monday,January,4,36 to 50
212,6/9/2023,CUST212,Male,21,Clothing,3,500,1500,2023,6,Friday,June,4,18 to 25
213,7/24/2023,CUST213,Male,27,Beauty,3,500,1500,2023,7,Monday,July,4,26 to 35
214,12/10/2023,CUST214,Male,20,Beauty,2,30,60,2023,12,Sunday,December,1,18 to 25
215,11/29/2023,CUST215,Male,58,Clothing,3,500,1500,2023,11,Wednesday,November,4,51+
216,7/11/2023,CUST216,Male,62,Electronics,2,50,100,2023,7,Tuesday,July,2,51+
217,8/13/2023,CUST217,Female,35,Electronics,4,50,200,2023,8,Sunday,August,3,26 to 35
218,9/22/2023,CUST218,Male,64,Beauty,3,30,90,2023,9,Friday,September,2,51+
219,8/20/2023,CUST219,Female,53,Electronics,3,30,90,2023,8,Sunday,August,2,51+
220,3/3/2023,CUST220,Male,64,Beauty,1,500,500,2023,3,Friday,March,3,51+
221,5/7/2023,CUST221,Male,39,Beauty,2,300,600,2023,5,Sunday,May,3,36 to 50
222,4/26/2023,CUST222,Male,51,Clothing,4,30,120,2023,4,Wednesday,April,2,51+
223,2/2/2023,CUST223,Female,64,Clothing,1,25,25,2023,2,Thursday,February,1,51+
224,6/23/2023,CUST224,Female,25,Clothing,1,50,50,2023,6,Friday,June,1,18 to 25
225,1/11/2023,CUST225,Female,57,Beauty,4,25,100,2023,1,Wednesday,January,2,51+
226,10/29/2023,CUST226,Female,61,Clothing,1,50,50,2023,10,Sunday,October,1,51+
227,10/11/2023,CUST227,Male,36,Electronics,2,50,100,2023,10,Wednesday,October,2,36 to 50
228,4/28/2023,CUST228,Female,59,Electronics,2,30,60,2023,4,Friday,April,1,51+
229,10/29/2023,CUST229,Male,58,Beauty,3,30,90,2023,10,Sunday,October,2,51+
230,4/23/2023,CUST230,Male,54,Beauty,1,25,25,2023,4,Sunday,April,1,51+
231,1/4/2023,CUST231,Female,23,Clothing,3,50,150,2023,1,Wednesday,January,3,18 to 25
232,2/6/2023,CUST232,Female,43,Beauty,1,25,25,2023,2,Monday,February,1,36 to 50
233,12/29/2023,CUST233,Female,51,Beauty,2,300,600,2023,12,Friday,December,3,51+
234,11/20/2023,CUST234,Female,62,Electronics,2,25,50,2023,11,Monday,November,1,51+
235,1/31/2023,CUST235,Female,23,Electronics,2,500,1000,2023,1,Tuesday,January,4,18 to 25
236,4/28/2023,CUST236,Female,54,Clothing,1,25,25,2023,4,Friday,April,1,51+
237,2/4/2023,CUST237,Female,50,Beauty,2,500,1000,2023,2,Saturday,February,4,36 to 50
238,1/17/2023,CUST238,Female,39,Beauty,1,500,500,2023,1,Tuesday,January,3,36 to 50
239,6/19/2023,CUST239,Male,38,Electronics,3,500,1500,2023,6,Monday,June,4,36 to 50
240,2/6/2023,CUST240,Female,23,Beauty,1,300,300,2023,2,Monday,February,3,18 to 25
241,9/21/2023,CUST241,Female,23,Electronics,3,25,75,2023,9,Thursday,September,2,18 to 25
242,5/2/2023,CUST242,Male,21,Clothing,1,25,25,2023,5,Tuesday,May,1,18 to 25
243,5/23/2023,CUST243,Female,47,Electronics,3,300,900,2023,5,Tuesday,May,3,36 to 50
244,12/9/2023,CUST244,Male,28,Beauty,2,50,100,2023,12,Saturday,December,2,26 to 35
245,9/6/2023,CUST245,Male,47,Clothing,3,30,90,2023,9,Wednesday,September,2,36 to 50
246,4/20/2023,CUST246,Female,48,Electronics,2,25,50,2023,4,Thursday,April,1,36 to 50
247,10/4/2023,CUST247,Male,41,Electronics,2,30,60,2023,10,Wednesday,October,1,36 to 50
248,3/9/2023,CUST248,Male,26,Clothing,3,300,900,2023,3,Thursday,March,3,26 to 35
249,10/20/2023,CUST249,Male,20,Clothing,1,50,50,2023,10,Friday,October,1,18 to 25
250,10/23/2023,CUST250,Male,48,Electronics,1,50,50,2023,10,Monday,October,1,36 to 50
251,8/31/2023,CUST251,Female,57,Beauty,4,50,200,2023,8,Thursday,August,3,51+
252,5/5/2023,CUST252,Male,54,Electronics,1,300,300,2023,5,Friday,May,3,51+
253,8/31/2023,CUST253,Female,53,Clothing,4,500,2000,2023,8,Thursday,August,4,51+
254,7/28/2023,CUST254,Male,41,Electronics,1,500,500,2023,7,Friday,July,3,36 to 50
255,4/8/2023,CUST255,Male,48,Clothing,1,30,30,2023,4,Saturday,April,1,36 to 50
256,2/18/2023,CUST256,Male,23,Clothing,2,500,1000,2023,2,Saturday,February,4,18 to 25
257,2/19/2023,CUST257,Male,19,Beauty,4,500,2000,2023,2,Sunday,February,4,18 to 25
258,12/4/2023,CUST258,Female,37,Clothing,1,50,50,2023,12,Monday,December,1,36 to 50
259,8/9/2023,CUST259,Female,45,Clothing,4,50,200,2023,8,Wednesday,August,3,36 to 50
260,7/1/2023,CUST260,Male,28,Beauty,2,30,60,2023,7,Saturday,July,1,26 to 35
261,8/5/2023,CUST261,Male,21,Clothing,2,25,50,2023,8,Saturday,August,1,18 to 25
262,7/30/2023,CUST262,Female,32,Beauty,4,30,120,2023,7,Sunday,July,2,26 to 35
263,8/28/2023,CUST263,Male,23,Beauty,2,30,60,2023,8,Monday,August,1,18 to 25
264,1/28/2023,CUST264,Male,47,Clothing,3,300,900,2023,1,Saturday,January,3,36 to 50
265,12/11/2023,CUST265,Male,55,Clothing,3,300,900,2023,12,Monday,December,3,51+
266,12/1/2023,CUST266,Female,19,Electronics,2,30,60,2023,12,Friday,December,1,18 to 25
267,11/27/2023,CUST267,Female,32,Beauty,3,30,90,2023,11,Monday,November,2,26 to 35
268,2/20/2023,CUST268,Female,28,Electronics,1,30,30,2023,2,Monday,February,1,26 to 35
269,2/1/2023,CUST269,Male,25,Clothing,4,500,2000,2023,2,Wednesday,February,4,18 to 25
270,7/26/2023,CUST270,Male,43,Electronics,1,300,300,2023,7,Wednesday,July,3,36 to 50
271,6/23/2023,CUST271,Female,62,Beauty,4,30,120,2023,6,Friday,June,2,51+
272,2/25/2023,CUST272,Female,61,Electronics,2,50,100,2023,2,Saturday,February,2,51+
273,5/8/2023,CUST273,Female,22,Beauty,1,50,50,2023,5,Monday,May,1,18 to 25
274,4/9/2023,CUST274,Female,23,Clothing,2,500,1000,2023,4,Sunday,April,4,18 to 25
275,4/8/2023,CUST275,Male,43,Clothing,2,500,1000,2023,4,Saturday,April,4,36 to 50
276,10/2/2023,CUST276,Female,21,Beauty,4,25,100,2023,10,Monday,October,2,18 to 25
277,8/18/2023,CUST277,Male,36,Clothing,4,25,100,2023,8,Friday,August,2,36 to 50
278,3/13/2023,CUST278,Female,37,Clothing,4,25,100,2023,3,Monday,March,2,36 to 50
279,8/5/2023,CUST279,Male,50,Clothing,1,500,500,2023,8,Saturday,August,3,36 to 50
280,4/4/2023,CUST280,Female,37,Clothing,3,500,1500,2023,4,Tuesday,April,4,36 to 50
281,5/23/2023,CUST281,Female,29,Beauty,4,500,2000,2023,5,Tuesday,May,4,26 to 35
282,8/25/2023,CUST282,Female,64,Electronics,4,50,200,2023,8,Friday,August,3,51+
283,5/8/2023,CUST283,Female,18,Electronics,1,500,500,2023,5,Monday,May,3,18 to 25
284,2/8/2023,CUST284,Male,43,Clothing,4,50,200,2023,2,Wednesday,February,3,36 to 50
285,8/15/2023,CUST285,Female,31,Electronics,1,25,25,2023,8,Tuesday,August,1,26 to 35
286,10/9/2023,CUST286,Male,55,Electronics,2,25,50,2023,10,Monday,October,1,51+
287,2/20/2023,CUST287,Male,54,Clothing,4,25,100,2023,2,Monday,February,2,51+
288,1/26/2023,CUST288,Male,28,Clothing,4,30,120,2023,1,Thursday,January,2,26 to 35
289,11/30/2023,CUST289,Male,53,Electronics,2,30,60,2023,11,Thursday,November,1,51+
290,10/4/2023,CUST290,Female,30,Beauty,2,300,600,2023,10,Wednesday,October,3,26 to 35
291,1/8/2023,CUST291,Male,60,Clothing,2,300,600,2023,1,Sunday,January,3,51+
292,2/17/2023,CUST292,Male,20,Beauty,4,300,1200,2023,2,Friday,February,4,18 to 25
293,5/2/2023,CUST293,Male,50,Electronics,3,30,90,2023,5,Tuesday,May,2,36 to 50
294,3/27/2023,CUST294,Female,23,Clothing,3,30,90,2023,3,Monday,March,2,18 to 25
295,7/28/2023,CUST295,Female,27,Beauty,3,300,900,2023,7,Friday,July,3,26 to 35
296,9/6/2023,CUST296,Female,22,Clothing,4,300,1200,2023,9,Wednesday,September,4,18 to 25
297,9/4/2023,CUST297,Female,40,Electronics,2,500,1000,2023,9,Monday,September,4,36 to 50
298,4/20/2023,CUST298,Male,27,Beauty,4,300,1200,2023,4,Thursday,April,4,26 to 35
299,7/25/2023,CUST299,Male,61,Electronics,2,500,1000,2023,7,Tuesday,July,4,51+
300,1/31/2023,CUST300,Female,19,Electronics,4,50,200,2023,1,Tuesday,January,3,18 to 25
301,3/26/2023,CUST301,Male,30,Clothing,4,30,120,2023,3,Sunday,March,2,26 to 35
302,7/14/2023,CUST302,Male,57,Beauty,2,300,600,2023,7,Friday,July,3,51+
303,1/2/2023,CUST303,Male,19,Electronics,3,30,90,2023,1,Monday,January,2,18 to 25
304,7/19/2023,CUST304,Female,37,Electronics,2,30,60,2023,7,Wednesday,July,1,36 to 50
305,5/16/2023,CUST305,Female,18,Beauty,1,30,30,2023,5,Tuesday,May,1,18 to 25
306,8/21/2023,CUST306,Male,54,Electronics,1,50,50,2023,8,Monday,August,1,51+
307,5/27/2023,CUST307,Female,26,Electronics,2,25,50,2023,5,Saturday,May,1,26 to 35
308,8/5/2023,CUST308,Female,34,Beauty,4,300,1200,2023,8,Saturday,August,4,26 to 35
309,12/23/2023,CUST309,Female,26,Beauty,1,25,25,2023,12,Saturday,December,1,26 to 35
310,10/12/2023,CUST310,Female,28,Beauty,1,25,25,2023,10,Thursday,October,1,26 to 35
311,12/5/2023,CUST311,Female,32,Beauty,4,25,100,2023,12,Tuesday,December,2,26 to 35
312,9/7/2023,CUST312,Male,41,Clothing,4,30,120,2023,9,Thursday,September,2,36 to 50
313,3/21/2023,CUST313,Female,55,Beauty,3,500,1500,2023,3,Tuesday,March,4,51+
314,4/8/2023,CUST314,Male,52,Clothing,4,30,120,2023,4,Saturday,April,2,51+
315,6/1/2023,CUST315,Male,47,Clothing,2,30,60,2023,6,Thursday,June,1,36 to 50
316,4/22/2023,CUST316,Female,48,Clothing,2,25,50,2023,4,Saturday,April,1,36 to 50
317,1/30/2023,CUST317,Male,22,Electronics,3,30,90,2023,1,Monday,January,2,18 to 25
318,10/24/2023,CUST318,Male,61,Clothing,1,25,25,2023,10,Tuesday,October,1,51+
319,10/5/2023,CUST319,Male,31,Clothing,1,500,500,2023,10,Thursday,October,3,26 to 35
320,2/1/2023,CUST320,Female,28,Electronics,4,300,1200,2023,2,Wednesday,February,4,26 to 35
321,6/10/2023,CUST321,Female,26,Electronics,2,25,50,2023,6,Saturday,June,1,26 to 35
322,1/30/2023,CUST322,Male,51,Electronics,1,500,500,2023,1,Monday,January,3,51+
323,1/26/2023,CUST323,Female,29,Beauty,3,300,900,2023,1,Thursday,January,3,26 to 35
324,10/27/2023,CUST324,Female,52,Electronics,3,50,150,2023,10,Friday,October,3,51+
325,9/2/2023,CUST325,Female,52,Electronics,2,25,50,2023,9,Saturday,September,1,51+
326,9/15/2023,CUST326,Female,18,Clothing,3,25,75,2023,9,Friday,September,2,18 to 25
327,9/29/2023,CUST327,Male,57,Electronics,3,50,150,2023,9,Friday,September,3,51+
328,3/22/2023,CUST328,Male,39,Beauty,2,50,100,2023,3,Wednesday,March,2,36 to 50
329,1/30/2023,CUST329,Female,46,Electronics,4,25,100,2023,1,Monday,January,2,36 to 50
330,9/18/2023,CUST330,Female,25,Beauty,4,50,200,2023,9,Monday,September,3,18 to 25
331,2/11/2023,CUST331,Male,28,Electronics,3,30,90,2023,2,Saturday,February,2,26 to 35
332,4/6/2023,CUST332,Male,58,Electronics,4,300,1200,2023,4,Thursday,April,4,51+
333,2/5/2023,CUST333,Female,54,Electronics,4,300,1200,2023,2,Sunday,February,4,51+
334,11/1/2023,CUST334,Male,31,Electronics,3,300,900,2023,11,Wednesday,November,3,26 to 35
335,2/4/2023,CUST335,Female,47,Beauty,4,30,120,2023,2,Saturday,February,2,36 to 50
336,12/12/2023,CUST336,Female,52,Beauty,3,50,150,2023,12,Tuesday,December,3,51+
337,5/1/2023,CUST337,Male,38,Clothing,1,500,500,2023,5,Monday,May,3,36 to 50
338,7/26/2023,CUST338,Male,54,Beauty,2,50,100,2023,7,Wednesday,July,2,51+
339,3/3/2023,CUST339,Female,22,Electronics,2,25,50,2023,3,Friday,March,1,18 to 25
340,10/19/2023,CUST340,Female,36,Clothing,4,300,1200,2023,10,Thursday,October,4,36 to 50
341,5/7/2023,CUST341,Male,31,Clothing,4,50,200,2023,5,Sunday,May,3,26 to 35
342,10/24/2023,CUST342,Female,43,Clothing,4,500,2000,2023,10,Tuesday,October,4,36 to 50
343,11/1/2023,CUST343,Male,21,Electronics,2,25,50,2023,11,Wednesday,November,1,18 to 25
344,1/21/2023,CUST344,Female,42,Beauty,1,30,30,2023,1,Saturday,January,1,36 to 50
345,11/14/2023,CUST345,Male,62,Electronics,1,30,30,2023,11,Tuesday,November,1,51+
346,2/11/2023,CUST346,Male,59,Clothing,2,500,1000,2023,2,Saturday,February,4,51+
347,8/3/2023,CUST347,Male,42,Electronics,1,25,25,2023,8,Thursday,August,1,36 to 50
348,12/3/2023,CUST348,Female,35,Electronics,2,300,600,2023,12,Sunday,December,3,26 to 35
349,10/26/2023,CUST349,Female,57,Beauty,1,50,50,2023,10,Thursday,October,1,51+
350,10/17/2023,CUST350,Male,25,Beauty,3,25,75,2023,10,Tuesday,October,2,18 to 25
351,9/25/2023,CUST351,Female,56,Clothing,3,30,90,2023,9,Monday,September,2,51+
352,6/11/2023,CUST352,Male,57,Electronics,2,500,1000,2023,6,Sunday,June,4,51+
353,5/14/2023,CUST353,Male,31,Electronics,1,500,500,2023,5,Sunday,May,3,26 to 35
354,4/15/2023,CUST354,Female,49,Beauty,4,50,200,2023,4,Saturday,April,3,36 to 50
355,12/9/2023,CUST355,Female,55,Electronics,1,500,500,2023,12,Saturday,December,3,51+
356,6/10/2023,CUST356,Male,50,Electronics,3,500,1500,2023,6,Saturday,June,4,36 to 50
357,5/3/2023,CUST357,Female,40,Electronics,3,25,75,2023,5,Wednesday,May,2,36 to 50
358,5/16/2023,CUST358,Female,32,Beauty,1,300,300,2023,5,Tuesday,May,3,26 to 35
359,7/22/2023,CUST359,Male,50,Clothing,1,50,50,2023,7,Saturday,July,1,36 to 50
360,3/9/2023,CUST360,Male,42,Clothing,4,25,100,2023,3,Thursday,March,2,36 to 50
361,12/10/2023,CUST361,Female,34,Electronics,4,300,1200,2023,12,Sunday,December,4,26 to 35
362,11/27/2023,CUST362,Male,50,Clothing,1,25,25,2023,11,Monday,November,1,36 to 50
363,6/3/2023,CUST363,Male,64,Beauty,1,25,25,2023,6,Saturday,June,1,51+
364,8/23/2023,CUST364,Female,19,Beauty,1,500,500,2023,8,Wednesday,August,3,18 to 25
365,6/11/2023,CUST365,Male,31,Clothing,1,300,300,2023,6,Sunday,June,3,26 to 35
366,2/7/2023,CUST366,Male,57,Clothing,2,50,100,2023,2,Tuesday,February,2,51+
367,1/5/2023,CUST367,Female,57,Electronics,1,50,50,2023,1,Thursday,January,1,51+
368,8/23/2023,CUST368,Female,56,Clothing,4,300,1200,2023,8,Wednesday,August,4,51+
369,11/15/2023,CUST369,Male,23,Electronics,3,500,1500,2023,11,Wednesday,November,4,18 to 25
370,10/16/2023,CUST370,Male,23,Electronics,2,30,60,2023,10,Monday,October,1,18 to 25
371,2/21/2023,CUST371,Female,20,Beauty,1,25,25,2023,2,Tuesday,February,1,18 to 25
372,2/7/2023,CUST372,Female,24,Beauty,3,500,1500,2023,2,Tuesday,February,4,18 to 25
373,10/3/2023,CUST373,Female,25,Beauty,2,300,600,2023,10,Tuesday,October,3,18 to 25
374,4/20/2023,CUST374,Female,59,Beauty,3,25,75,2023,4,Thursday,April,2,51+
375,9/17/2023,CUST375,Male,32,Clothing,1,50,50,2023,9,Sunday,September,1,26 to 35
376,5/16/2023,CUST376,Female,64,Beauty,1,30,30,2023,5,Tuesday,May,1,51+
377,3/9/2023,CUST377,Female,46,Clothing,4,50,200,2023,3,Thursday,March,3,36 to 50
378,6/28/2023,CUST378,Male,50,Beauty,1,300,300,2023,6,Wednesday,June,3,36 to 50
379,2/5/2023,CUST379,Female,47,Clothing,1,25,25,2023,2,Sunday,February,1,36 to 50
380,5/6/2023,CUST380,Male,56,Electronics,2,300,600,2023,5,Saturday,May,3,51+
381,7/9/2023,CUST381,Female,44,Clothing,4,25,100,2023,7,Sunday,July,2,36 to 50
382,5/26/2023,CUST382,Female,53,Clothing,2,500,1000,2023,5,Friday,May,4,51+
383,3/22/2023,CUST383,Female,46,Beauty,3,30,90,2023,3,Wednesday,March,2,36 to 50
384,8/13/2023,CUST384,Male,55,Clothing,1,500,500,2023,8,Sunday,August,3,51+
385,10/6/2023,CUST385,Male,50,Electronics,3,500,1500,2023,10,Friday,October,4,36 to 50
386,12/27/2023,CUST386,Female,54,Electronics,2,300,600,2023,12,Wednesday,December,3,51+
387,6/4/2023,CUST387,Male,44,Beauty,1,30,30,2023,6,Sunday,June,1,36 to 50
388,11/10/2023,CUST388,Male,50,Electronics,1,25,25,2023,11,Friday,November,1,36 to 50
389,12/1/2023,CUST389,Male,21,Clothing,2,25,50,2023,12,Friday,December,1,18 to 25
390,9/28/2023,CUST390,Male,39,Electronics,2,50,100,2023,9,Thursday,September,2,36 to 50
391,1/5/2023,CUST391,Male,19,Beauty,2,25,50,2023,1,Thursday,January,1,18 to 25
392,12/8/2023,CUST392,Male,27,Clothing,2,300,600,2023,12,Friday,December,3,26 to 35
393,10/11/2023,CUST393,Female,22,Beauty,2,500,1000,2023,10,Wednesday,October,4,18 to 25
394,6/3/2023,CUST394,Female,27,Clothing,1,500,500,2023,6,Saturday,June,3,26 to 35
395,12/6/2023,CUST395,Male,50,Electronics,2,500,1000,2023,12,Wednesday,December,4,36 to 50
396,2/23/2023,CUST396,Female,55,Beauty,1,30,30,2023,2,Thursday,February,1,51+
397,3/10/2023,CUST397,Female,30,Beauty,1,25,25,2023,3,Friday,March,1,26 to 35
398,5/16/2023,CUST398,Female,48,Clothing,2,300,600,2023,5,Tuesday,May,3,36 to 50
399,3/1/2023,CUST399,Female,64,Beauty,2,30,60,2023,3,Wednesday,March,1,51+
400,2/24/2023,CUST400,Male,53,Clothing,4,50,200,2023,2,Friday,February,3,51+
401,10/11/2023,CUST401,Female,62,Clothing,1,300,300,2023,10,Wednesday,October,3,51+
402,3/21/2023,CUST402,Female,41,Clothing,2,300,600,2023,3,Tuesday,March,3,36 to 50
403,5/20/2023,CUST403,Male,32,Clothing,2,300,600,2023,5,Saturday,May,3,26 to 35
404,5/25/2023,CUST404,Male,46,Electronics,2,500,1000,2023,5,Thursday,May,4,36 to 50
405,11/6/2023,CUST405,Female,25,Clothing,4,300,1200,2023,11,Monday,November,4,18 to 25
406,4/18/2023,CUST406,Female,22,Beauty,4,25,100,2023,4,Tuesday,April,2,18 to 25
407,6/25/2023,CUST407,Female,46,Electronics,3,300,900,2023,6,Sunday,June,3,36 to 50
408,4/15/2023,CUST408,Female,64,Beauty,1,500,500,2023,4,Saturday,April,3,51+
409,12/18/2023,CUST409,Female,21,Electronics,3,300,900,2023,12,Monday,December,3,18 to 25
410,11/21/2023,CUST410,Female,29,Clothing,2,50,100,2023,11,Tuesday,November,2,26 to 35
411,5/16/2023,CUST411,Male,62,Electronics,4,50,200,2023,5,Tuesday,May,3,51+
412,9/16/2023,CUST412,Female,19,Electronics,4,500,2000,2023,9,Saturday,September,4,18 to 25
413,9/8/2023,CUST413,Female,44,Beauty,3,25,75,2023,9,Friday,September,2,36 to 50
414,5/9/2023,CUST414,Male,48,Beauty,4,25,100,2023,5,Tuesday,May,2,36 to 50
415,1/27/2023,CUST415,Male,53,Clothing,2,30,60,2023,1,Friday,January,1,51+
416,2/17/2023,CUST416,Male,53,Electronics,4,500,2000,2023,2,Friday,February,4,51+
417,11/21/2023,CUST417,Male,43,Electronics,3,300,900,2023,11,Tuesday,November,3,36 to 50
418,8/5/2023,CUST418,Female,60,Electronics,2,500,1000,2023,8,Saturday,August,4,51+
419,5/22/2023,CUST419,Female,44,Clothing,3,30,90,2023,5,Monday,May,2,36 to 50
420,1/23/2023,CUST420,Female,22,Clothing,4,500,2000,2023,1,Monday,January,4,18 to 25
421,1/2/2023,CUST421,Female,37,Clothing,3,500,1500,2023,1,Monday,January,4,36 to 50
422,6/20/2023,CUST422,Female,28,Clothing,3,30,90,2023,6,Tuesday,June,2,26 to 35
423,3/8/2023,CUST423,Female,27,Clothing,1,25,25,2023,3,Wednesday,March,1,26 to 35
424,11/23/2023,CUST424,Male,57,Beauty,4,300,1200,2023,11,Thursday,November,4,51+
425,5/15/2023,CUST425,Female,55,Electronics,4,30,120,2023,5,Monday,May,2,51+
426,3/24/2023,CUST426,Male,23,Electronics,3,50,150,2023,3,Friday,March,3,18 to 25
427,8/15/2023,CUST427,Male,25,Electronics,1,25,25,2023,8,Tuesday,August,1,18 to 25
428,10/10/2023,CUST428,Female,40,Electronics,4,50,200,2023,10,Tuesday,October,3,36 to 50
429,12/28/2023,CUST429,Male,64,Electronics,2,25,50,2023,12,Thursday,December,1,51+
430,8/7/2023,CUST430,Female,43,Electronics,3,300,900,2023,8,Monday,August,3,36 to 50
431,10/15/2023,CUST431,Male,63,Electronics,4,300,1200,2023,10,Sunday,October,4,51+
432,1/5/2023,CUST432,Female,60,Electronics,2,500,1000,2023,1,Thursday,January,4,51+
433,2/27/2023,CUST433,Male,29,Beauty,4,50,200,2023,2,Monday,February,3,26 to 35
434,2/8/2023,CUST434,Female,43,Electronics,2,25,50,2023,2,Wednesday,February,1,36 to 50
435,12/20/2023,CUST435,Female,30,Beauty,3,300,900,2023,12,Wednesday,December,3,26 to 35
436,3/18/2023,CUST436,Female,57,Clothing,4,30,120,2023,3,Saturday,March,2,51+
437,10/7/2023,CUST437,Female,35,Electronics,4,300,1200,2023,10,Saturday,October,4,26 to 35
438,1/19/2023,CUST438,Female,42,Clothing,1,30,30,2023,1,Thursday,January,1,36 to 50
439,7/9/2023,CUST439,Male,50,Clothing,3,25,75,2023,7,Sunday,July,2,36 to 50
440,10/26/2023,CUST440,Male,64,Clothing,2,300,600,2023,10,Thursday,October,3,51+
441,10/10/2023,CUST441,Male,57,Beauty,4,300,1200,2023,10,Tuesday,October,4,51+
442,3/17/2023,CUST442,Female,60,Clothing,4,25,100,2023,3,Friday,March,2,51+
443,8/9/2023,CUST443,Male,29,Clothing,2,300,600,2023,8,Wednesday,August,3,26 to 35
444,3/7/2023,CUST444,Female,61,Clothing,3,30,90,2023,3,Tuesday,March,2,51+
445,1/22/2023,CUST445,Female,53,Electronics,1,300,300,2023,1,Sunday,January,3,51+
446,6/7/2023,CUST446,Male,21,Electronics,1,50,50,2023,6,Wednesday,June,1,18 to 25
447,7/6/2023,CUST447,Male,22,Beauty,4,500,2000,2023,7,Thursday,July,4,18 to 25
448,1/21/2023,CUST448,Female,54,Beauty,2,30,60,2023,1,Saturday,January,1,51+
449,7/3/2023,CUST449,Male,25,Electronics,4,50,200,2023,7,Monday,July,3,18 to 25
450,4/18/2023,CUST450,Female,59,Beauty,2,25,50,2023,4,Tuesday,April,1,51+
451,12/16/2023,CUST451,Female,45,Electronics,1,30,30,2023,12,Saturday,December,1,36 to 50
452,5/8/2023,CUST452,Female,48,Clothing,3,500,1500,2023,5,Monday,May,4,36 to 50
453,12/8/2023,CUST453,Female,26,Clothing,2,500,1000,2023,12,Friday,December,4,26 to 35
454,2/22/2023,CUST454,Female,46,Beauty,1,25,25,2023,2,Wednesday,February,1,36 to 50
455,7/1/2023,CUST455,Male,31,Electronics,4,25,100,2023,7,Saturday,July,2,26 to 35
456,10/14/2023,CUST456,Male,57,Electronics,2,30,60,2023,10,Saturday,October,1,51+
457,7/28/2023,CUST457,Female,58,Beauty,3,300,900,2023,7,Friday,July,3,51+
458,11/14/2023,CUST458,Female,39,Electronics,4,25,100,2023,11,Tuesday,November,2,36 to 50
459,3/21/2023,CUST459,Male,28,Clothing,4,300,1200,2023,3,Tuesday,March,4,26 to 35
460,5/2/2023,CUST460,Male,40,Beauty,1,50,50,2023,5,Tuesday,May,1,36 to 50
461,3/25/2023,CUST461,Female,18,Beauty,2,500,1000,2023,3,Saturday,March,4,18 to 25
462,4/1/2023,CUST462,Male,63,Electronics,4,300,1200,2023,4,Saturday,April,4,51+
463,7/31/2023,CUST463,Female,54,Beauty,3,500,1500,2023,7,Monday,July,4,51+
464,1/13/2023,CUST464,Male,38,Electronics,2,300,600,2023,1,Friday,January,3,36 to 50
465,4/2/2023,CUST465,Female,43,Electronics,3,50,150,2023,4,Sunday,April,3,36 to 50
466,6/20/2023,CUST466,Male,63,Electronics,4,25,100,2023,6,Tuesday,June,2,51+
467,7/30/2023,CUST467,Female,53,Electronics,3,50,150,2023,7,Sunday,July,3,51+
468,12/9/2023,CUST468,Male,40,Electronics,1,25,25,2023,12,Saturday,December,1,36 to 50
469,5/8/2023,CUST469,Male,18,Beauty,3,25,75,2023,5,Monday,May,2,18 to 25
470,5/17/2023,CUST470,Female,57,Clothing,2,500,1000,2023,5,Wednesday,May,4,51+
471,3/23/2023,CUST471,Male,32,Clothing,3,50,150,2023,3,Thursday,March,3,26 to 35
472,12/26/2023,CUST472,Female,38,Beauty,3,300,900,2023,12,Tuesday,December,3,36 to 50
473,2/25/2023,CUST473,Male,64,Beauty,1,50,50,2023,2,Saturday,February,1,51+
474,7/15/2023,CUST474,Female,26,Clothing,3,500,1500,2023,7,Saturday,July,4,26 to 35
475,1/20/2023,CUST475,Male,26,Clothing,3,25,75,2023,1,Friday,January,2,26 to 35
476,8/29/2023,CUST476,Female,27,Clothing,4,500,2000,2023,8,Tuesday,August,4,26 to 35
477,4/24/2023,CUST477,Male,43,Clothing,4,30,120,2023,4,Monday,April,2,36 to 50
478,4/13/2023,CUST478,Female,58,Clothing,2,30,60,2023,4,Thursday,April,1,51+
479,8/24/2023,CUST479,Male,52,Electronics,4,300,1200,2023,8,Thursday,August,4,51+
480,6/29/2023,CUST480,Female,42,Beauty,4,500,2000,2023,6,Thursday,June,4,36 to 50
481,6/6/2023,CUST481,Female,43,Electronics,4,300,1200,2023,6,Tuesday,June,4,36 to 50
482,4/27/2023,CUST482,Female,28,Clothing,4,300,1200,2023,4,Thursday,April,4,26 to 35
483,4/25/2023,CUST483,Male,55,Clothing,1,30,30,2023,4,Tuesday,April,1,51+
484,1/13/2023,CUST484,Female,19,Clothing,4,300,1200,2023,1,Friday,January,4,18 to 25
485,12/4/2023,CUST485,Male,24,Electronics,1,30,30,2023,12,Monday,December,1,18 to 25
486,4/9/2023,CUST486,Female,35,Electronics,1,25,25,2023,4,Sunday,April,1,26 to 35
487,7/24/2023,CUST487,Male,44,Clothing,4,500,2000,2023,7,Monday,July,4,36 to 50
488,6/18/2023,CUST488,Female,51,Electronics,3,300,900,2023,6,Sunday,June,3,51+
489,5/23/2023,CUST489,Male,44,Electronics,1,30,30,2023,5,Tuesday,May,1,36 to 50
490,2/5/2023,CUST490,Male,34,Clothing,3,50,150,2023,2,Sunday,February,3,26 to 35
491,5/23/2023,CUST491,Female,60,Electronics,3,300,900,2023,5,Tuesday,May,3,51+
492,6/29/2023,CUST492,Male,61,Beauty,4,25,100,2023,6,Thursday,June,2,51+
493,11/25/2023,CUST493,Male,41,Beauty,2,25,50,2023,11,Saturday,November,1,36 to 50
494,9/18/2023,CUST494,Female,42,Beauty,4,50,200,2023,9,Monday,September,3,36 to 50
495,7/24/2023,CUST495,Male,24,Beauty,2,30,60,2023,7,Monday,July,1,18 to 25
496,12/14/2023,CUST496,Male,23,Clothing,2,300,600,2023,12,Thursday,December,3,18 to 25
497,10/2/2023,CUST497,Male,41,Clothing,4,30,120,2023,10,Monday,October,2,36 to 50
498,6/19/2023,CUST498,Female,50,Clothing,4,25,100,2023,6,Monday,June,2,36 to 50
499,1/15/2023,CUST499,Male,46,Beauty,2,30,60,2023,1,Sunday,January,1,36 to 50
500,3/1/2023,CUST500,Female,60,Beauty,4,25,100,2023,3,Wednesday,March,2,51+
501,5/14/2023,CUST501,Male,39,Electronics,2,30,60,2023,5,Sunday,May,1,36 to 50
502,4/2/2023,CUST502,Male,43,Electronics,3,50,150,2023,4,Sunday,April,3,36 to 50
503,10/25/2023,CUST503,Male,45,Beauty,4,500,2000,2023,10,Wednesday,October,4,36 to 50
504,5/16/2023,CUST504,Female,38,Beauty,3,50,150,2023,5,Tuesday,May,3,36 to 50
505,1/20/2023,CUST505,Male,24,Beauty,1,50,50,2023,1,Friday,January,1,18 to 25
506,2/25/2023,CUST506,Male,34,Beauty,3,500,1500,2023,2,Saturday,February,4,26 to 35
507,11/2/2023,CUST507,Female,37,Electronics,3,500,1500,2023,11,Thursday,November,4,36 to 50
508,8/11/2023,CUST508,Male,58,Beauty,2,300,600,2023,8,Friday,August,3,51+
509,6/26/2023,CUST509,Female,37,Electronics,3,300,900,2023,6,Monday,June,3,36 to 50
510,6/10/2023,CUST510,Female,39,Beauty,4,50,200,2023,6,Saturday,June,3,36 to 50
511,8/12/2023,CUST511,Male,45,Beauty,2,50,100,2023,8,Saturday,August,2,36 to 50
512,11/7/2023,CUST512,Female,57,Beauty,1,25,25,2023,11,Tuesday,November,1,51+
513,9/19/2023,CUST513,Male,24,Electronics,4,25,100,2023,9,Tuesday,September,2,18 to 25
514,3/1/2023,CUST514,Female,18,Electronics,1,300,300,2023,3,Wednesday,March,3,18 to 25
515,7/17/2023,CUST515,Female,49,Clothing,3,300,900,2023,7,Monday,July,3,36 to 50
516,10/23/2023,CUST516,Male,30,Beauty,4,25,100,2023,10,Monday,October,2,26 to 35
517,4/8/2023,CUST517,Female,47,Clothing,4,25,100,2023,4,Saturday,April,2,36 to 50
518,5/11/2023,CUST518,Female,40,Clothing,1,30,30,2023,5,Thursday,May,1,36 to 50
519,1/23/2023,CUST519,Female,36,Electronics,4,30,120,2023,1,Monday,January,2,36 to 50
520,12/29/2023,CUST520,Female,49,Electronics,4,25,100,2023,12,Friday,December,2,36 to 50
521,8/12/2023,CUST521,Female,47,Clothing,4,30,120,2023,8,Saturday,August,2,36 to 50
522,1/1/2023,CUST522,Male,46,Beauty,3,500,1500,2023,1,Sunday,January,4,36 to 50
523,9/24/2023,CUST523,Female,62,Electronics,1,300,300,2023,9,Sunday,September,3,51+
524,10/3/2023,CUST524,Male,46,Beauty,4,300,1200,2023,10,Tuesday,October,4,36 to 50
525,12/18/2023,CUST525,Female,47,Beauty,2,25,50,2023,12,Monday,December,1,36 to 50
526,12/10/2023,CUST526,Male,33,Clothing,2,50,100,2023,12,Sunday,December,2,26 to 35
527,4/11/2023,CUST527,Male,57,Clothing,2,25,50,2023,4,Tuesday,April,1,51+
528,7/6/2023,CUST528,Female,36,Clothing,2,30,60,2023,7,Thursday,July,1,36 to 50
529,8/9/2023,CUST529,Female,35,Clothing,3,50,150,2023,8,Wednesday,August,3,26 to 35
530,2/5/2023,CUST530,Female,18,Electronics,4,30,120,2023,2,Sunday,February,2,18 to 25
531,12/7/2023,CUST531,Male,31,Electronics,1,500,500,2023,12,Thursday,December,3,26 to 35
532,6/19/2023,CUST532,Female,64,Clothing,4,30,120,2023,6,Monday,June,2,51+
533,11/16/2023,CUST533,Male,19,Electronics,3,500,1500,2023,11,Thursday,November,4,18 to 25
534,6/10/2023,CUST534,Male,45,Clothing,2,500,1000,2023,6,Saturday,June,4,36 to 50
535,12/6/2023,CUST535,Male,47,Beauty,3,30,90,2023,12,Wednesday,December,2,36 to 50
536,3/5/2023,CUST536,Female,55,Beauty,4,30,120,2023,3,Sunday,March,2,51+
537,6/3/2023,CUST537,Female,21,Beauty,1,500,500,2023,6,Saturday,June,3,18 to 25
538,9/17/2023,CUST538,Male,18,Clothing,3,50,150,2023,9,Sunday,September,3,18 to 25
539,6/8/2023,CUST539,Male,25,Beauty,1,500,500,2023,6,Thursday,June,3,18 to 25
540,12/8/2023,CUST540,Female,46,Electronics,3,300,900,2023,12,Friday,December,3,36 to 50
541,7/29/2023,CUST541,Male,56,Beauty,1,500,500,2023,7,Saturday,July,3,51+
542,6/17/2023,CUST542,Female,20,Beauty,1,50,50,2023,6,Saturday,June,1,18 to 25
543,7/26/2023,CUST543,Male,49,Beauty,2,300,600,2023,7,Wednesday,July,3,36 to 50
544,12/23/2023,CUST544,Female,27,Electronics,1,25,25,2023,12,Saturday,December,1,26 to 35
545,6/1/2023,CUST545,Male,27,Clothing,2,25,50,2023,6,Thursday,June,1,26 to 35
546,10/11/2023,CUST546,Female,36,Electronics,4,50,200,2023,10,Wednesday,October,3,36 to 50
547,3/7/2023,CUST547,Male,63,Clothing,4,500,2000,2023,3,Tuesday,March,4,51+
548,4/9/2023,CUST548,Female,51,Clothing,2,30,60,2023,4,Sunday,April,1,51+
549,8/4/2023,CUST549,Female,50,Beauty,2,50,100,2023,8,Friday,August,2,36 to 50
550,12/7/2023,CUST550,Male,40,Clothing,3,300,900,2023,12,Thursday,December,3,36 to 50
551,7/14/2023,CUST551,Male,45,Electronics,3,300,900,2023,7,Friday,July,3,36 to 50
552,12/13/2023,CUST552,Female,49,Electronics,3,25,75,2023,12,Wednesday,December,2,36 to 50
553,3/31/2023,CUST553,Male,24,Clothing,4,300,1200,2023,3,Friday,March,4,18 to 25
554,11/12/2023,CUST554,Female,46,Beauty,3,50,150,2023,11,Sunday,November,3,36 to 50
555,10/19/2023,CUST555,Male,25,Beauty,1,300,300,2023,10,Thursday,October,3,18 to 25
556,6/4/2023,CUST556,Female,18,Electronics,1,50,50,2023,6,Sunday,June,1,18 to 25
557,7/27/2023,CUST557,Female,20,Beauty,3,30,90,2023,7,Thursday,July,2,18 to 25
558,10/8/2023,CUST558,Female,41,Clothing,1,25,25,2023,10,Sunday,October,1,36 to 50
559,1/1/2023,CUST559,Female,40,Clothing,4,300,1200,2023,1,Sunday,January,4,36 to 50
560,6/5/2023,CUST560,Female,25,Electronics,1,50,50,2023,6,Monday,June,1,18 to 25
561,5/27/2023,CUST561,Female,64,Clothing,4,500,2000,2023,5,Saturday,May,4,51+
562,4/18/2023,CUST562,Male,54,Electronics,2,25,50,2023,4,Tuesday,April,1,51+
563,8/9/2023,CUST563,Male,20,Clothing,2,30,60,2023,8,Wednesday,August,1,18 to 25
564,10/24/2023,CUST564,Male,50,Electronics,2,50,100,2023,10,Tuesday,October,2,36 to 50
565,11/7/2023,CUST565,Female,45,Beauty,2,30,60,2023,11,Tuesday,November,1,36 to 50
566,12/2/2023,CUST566,Female,64,Clothing,1,30,30,2023,12,Saturday,December,1,51+
567,6/14/2023,CUST567,Female,25,Clothing,3,300,900,2023,6,Wednesday,June,3,18 to 25
568,8/27/2023,CUST568,Female,51,Electronics,1,300,300,2023,8,Sunday,August,3,51+
569,8/15/2023,CUST569,Male,52,Electronics,4,50,200,2023,8,Tuesday,August,3,51+
570,8/15/2023,CUST570,Male,49,Clothing,1,500,500,2023,8,Tuesday,August,3,36 to 50
571,12/12/2023,CUST571,Female,41,Electronics,1,50,50,2023,12,Tuesday,December,1,36 to 50
572,4/20/2023,CUST572,Male,31,Clothing,4,500,2000,2023,4,Thursday,April,4,26 to 35
573,9/19/2023,CUST573,Male,49,Beauty,2,30,60,2023,9,Tuesday,September,1,36 to 50
574,8/31/2023,CUST574,Female,63,Electronics,2,25,50,2023,8,Thursday,August,1,51+
575,3/28/2023,CUST575,Male,60,Clothing,2,50,100,2023,3,Tuesday,March,2,51+
576,12/4/2023,CUST576,Female,33,Beauty,3,50,150,2023,12,Monday,December,3,26 to 35
577,2/13/2023,CUST577,Male,21,Beauty,4,500,2000,2023,2,Monday,February,4,18 to 25
578,5/26/2023,CUST578,Female,54,Clothing,4,30,120,2023,5,Friday,May,2,51+
579,9/21/2023,CUST579,Female,38,Electronics,1,30,30,2023,9,Thursday,September,1,36 to 50
580,12/6/2023,CUST580,Female,31,Clothing,3,500,1500,2023,12,Wednesday,December,4,26 to 35
581,11/21/2023,CUST581,Female,48,Beauty,2,30,60,2023,11,Tuesday,November,1,36 to 50
582,11/14/2023,CUST582,Male,35,Clothing,3,300,900,2023,11,Tuesday,November,3,26 to 35
583,6/21/2023,CUST583,Female,24,Electronics,4,25,100,2023,6,Wednesday,June,2,18 to 25
584,2/17/2023,CUST584,Female,27,Beauty,4,50,200,2023,2,Friday,February,3,26 to 35
585,5/1/2023,CUST585,Female,24,Clothing,1,25,25,2023,5,Monday,May,1,18 to 25
586,12/11/2023,CUST586,Male,50,Electronics,1,50,50,2023,12,Monday,December,1,36 to 50
587,6/8/2023,CUST587,Female,40,Beauty,4,300,1200,2023,6,Thursday,June,4,36 to 50
588,4/26/2023,CUST588,Male,38,Electronics,2,30,60,2023,4,Wednesday,April,1,36 to 50
589,4/12/2023,CUST589,Female,36,Beauty,2,500,1000,2023,4,Wednesday,April,4,36 to 50
590,3/17/2023,CUST590,Male,36,Clothing,3,300,900,2023,3,Friday,March,3,36 to 50
591,1/13/2023,CUST591,Male,53,Electronics,4,25,100,2023,1,Friday,January,2,51+
592,1/24/2023,CUST592,Female,46,Beauty,4,500,2000,2023,1,Tuesday,January,4,36 to 50
593,5/6/2023,CUST593,Male,35,Electronics,2,30,60,2023,5,Saturday,May,1,26 to 35
594,9/1/2023,CUST594,Female,19,Electronics,2,300,600,2023,9,Friday,September,3,18 to 25
595,11/9/2023,CUST595,Female,18,Clothing,4,500,2000,2023,11,Thursday,November,4,18 to 25
596,2/7/2023,CUST596,Female,64,Electronics,1,300,300,2023,2,Tuesday,February,3,51+
597,8/22/2023,CUST597,Male,22,Beauty,4,300,1200,2023,8,Tuesday,August,4,18 to 25
598,8/1/2023,CUST598,Male,37,Beauty,4,30,120,2023,8,Tuesday,August,2,36 to 50
599,11/19/2023,CUST599,Female,28,Beauty,2,50,100,2023,11,Sunday,November,2,26 to 35
600,10/22/2023,CUST600,Female,59,Beauty,2,500,1000,2023,10,Sunday,October,4,51+
601,4/10/2023,CUST601,Male,19,Clothing,1,30,30,2023,4,Monday,April,1,18 to 25
602,12/23/2023,CUST602,Female,20,Electronics,1,300,300,2023,12,Saturday,December,3,18 to 25
603,7/16/2023,CUST603,Female,40,Clothing,3,30,90,2023,7,Sunday,July,2,36 to 50
604,9/11/2023,CUST604,Female,29,Electronics,4,50,200,2023,9,Monday,September,3,26 to 35
605,7/24/2023,CUST605,Male,37,Electronics,2,500,1000,2023,7,Monday,July,4,36 to 50
606,5/5/2023,CUST606,Male,22,Electronics,1,50,50,2023,5,Friday,May,1,18 to 25
607,3/17/2023,CUST607,Male,54,Clothing,3,25,75,2023,3,Friday,March,2,51+
608,12/2/2023,CUST608,Female,55,Electronics,3,500,1500,2023,12,Saturday,December,4,51+
609,12/19/2023,CUST609,Female,47,Clothing,2,50,100,2023,12,Tuesday,December,2,36 to 50
610,1/3/2023,CUST610,Female,26,Beauty,2,300,600,2023,1,Tuesday,January,3,26 to 35
611,2/24/2023,CUST611,Male,51,Beauty,3,500,1500,2023,2,Friday,February,4,51+
612,8/6/2023,CUST612,Female,61,Electronics,1,500,500,2023,8,Sunday,August,3,51+
613,4/23/2023,CUST613,Female,52,Clothing,3,30,90,2023,4,Sunday,April,2,51+
614,4/1/2023,CUST614,Female,39,Beauty,4,300,1200,2023,4,Saturday,April,4,36 to 50
615,12/23/2023,CUST615,Female,61,Clothing,4,25,100,2023,12,Saturday,December,2,51+
616,9/23/2023,CUST616,Male,41,Clothing,2,50,100,2023,9,Saturday,September,2,36 to 50
617,8/26/2023,CUST617,Male,34,Electronics,1,30,30,2023,8,Saturday,August,1,26 to 35
618,1/26/2023,CUST618,Female,27,Beauty,1,50,50,2023,1,Thursday,January,1,26 to 35
619,10/13/2023,CUST619,Male,47,Electronics,4,25,100,2023,10,Friday,October,2,36 to 50
620,5/8/2023,CUST620,Male,63,Electronics,3,25,75,2023,5,Monday,May,2,51+
621,3/4/2023,CUST621,Female,40,Beauty,2,500,1000,2023,3,Saturday,March,4,36 to 50
622,8/22/2023,CUST622,Female,49,Beauty,3,25,75,2023,8,Tuesday,August,2,36 to 50
623,3/10/2023,CUST623,Male,34,Clothing,3,50,150,2023,3,Friday,March,3,26 to 35
624,8/26/2023,CUST624,Female,34,Beauty,3,300,900,2023,8,Saturday,August,3,26 to 35
625,12/8/2023,CUST625,Male,31,Clothing,1,300,300,2023,12,Friday,December,3,26 to 35
626,9/29/2023,CUST626,Female,26,Clothing,4,500,2000,2023,9,Friday,September,4,26 to 35
627,10/14/2023,CUST627,Male,57,Clothing,1,50,50,2023,10,Saturday,October,1,51+
628,11/1/2023,CUST628,Female,19,Beauty,4,50,200,2023,11,Wednesday,November,3,18 to 25
629,6/12/2023,CUST629,Male,62,Electronics,2,25,50,2023,6,Monday,June,1,51+
630,8/15/2023,CUST630,Male,42,Clothing,2,50,100,2023,8,Tuesday,August,2,36 to 50
631,11/10/2023,CUST631,Male,56,Electronics,3,30,90,2023,11,Friday,November,2,51+
632,9/16/2023,CUST632,Female,26,Electronics,4,25,100,2023,9,Saturday,September,2,26 to 35
633,8/7/2023,CUST633,Male,39,Beauty,4,30,120,2023,8,Monday,August,2,36 to 50
634,10/8/2023,CUST634,Male,60,Electronics,4,500,2000,2023,10,Sunday,October,4,51+
635,8/17/2023,CUST635,Female,63,Electronics,3,300,900,2023,8,Thursday,August,3,51+
636,3/23/2023,CUST636,Female,21,Beauty,3,500,1500,2023,3,Thursday,March,4,18 to 25
637,9/1/2023,CUST637,Male,43,Clothing,2,300,600,2023,9,Friday,September,3,36 to 50
638,8/19/2023,CUST638,Male,46,Electronics,1,500,500,2023,8,Saturday,August,3,36 to 50
639,5/13/2023,CUST639,Female,62,Beauty,4,50,200,2023,5,Saturday,May,3,51+
640,5/7/2023,CUST640,Female,51,Electronics,4,30,120,2023,5,Sunday,May,2,51+
641,11/23/2023,CUST641,Female,40,Electronics,1,300,300,2023,11,Thursday,November,3,36 to 50
642,5/22/2023,CUST642,Female,54,Clothing,4,25,100,2023,5,Monday,May,2,51+
643,9/24/2023,CUST643,Female,28,Electronics,3,30,90,2023,9,Sunday,September,2,26 to 35
644,9/6/2023,CUST644,Male,23,Beauty,3,25,75,2023,9,Wednesday,September,2,18 to 25
645,11/17/2023,CUST645,Female,35,Electronics,4,30,120,2023,11,Friday,November,2,26 to 35
646,5/3/2023,CUST646,Male,38,Clothing,3,30,90,2023,5,Wednesday,May,2,36 to 50
647,5/21/2023,CUST647,Male,59,Clothing,3,500,1500,2023,5,Sunday,May,4,51+
648,8/14/2023,CUST648,Male,53,Beauty,4,300,1200,2023,8,Monday,August,4,51+
649,2/9/2023,CUST649,Female,58,Clothing,2,300,600,2023,2,Thursday,February,3,51+
650,1/1/2024,CUST650,Male,55,Electronics,1,30,30,2024,1,Monday,January,1,51+
651,5/27/2023,CUST651,Male,51,Clothing,3,50,150,2023,5,Saturday,May,3,51+
652,5/1/2023,CUST652,Female,34,Beauty,2,50,100,2023,5,Monday,May,2,26 to 35
653,5/20/2023,CUST653,Male,54,Clothing,3,25,75,2023,5,Saturday,May,2,51+
654,6/21/2023,CUST654,Male,42,Clothing,3,25,75,2023,6,Wednesday,June,2,36 to 50
655,6/13/2023,CUST655,Female,55,Clothing,1,500,500,2023,6,Tuesday,June,3,51+
656,10/4/2023,CUST656,Male,29,Beauty,3,30,90,2023,10,Wednesday,October,2,26 to 35
657,2/11/2023,CUST657,Male,40,Clothing,1,25,25,2023,2,Saturday,February,1,36 to 50
658,3/12/2023,CUST658,Male,59,Clothing,1,25,25,2023,3,Sunday,March,1,51+
659,3/19/2023,CUST659,Female,39,Electronics,1,30,30,2023,3,Sunday,March,1,36 to 50
660,4/29/2023,CUST660,Female,38,Beauty,2,500,1000,2023,4,Saturday,April,4,36 to 50
661,7/16/2023,CUST661,Female,44,Clothing,4,25,100,2023,7,Sunday,July,2,36 to 50
662,12/22/2023,CUST662,Male,48,Beauty,2,500,1000,2023,12,Friday,December,4,36 to 50
663,3/20/2023,CUST663,Male,23,Clothing,4,300,1200,2023,3,Monday,March,4,18 to 25
664,12/28/2023,CUST664,Female,44,Clothing,4,500,2000,2023,12,Thursday,December,4,36 to 50
665,4/20/2023,CUST665,Male,57,Clothing,1,50,50,2023,4,Thursday,April,1,51+
666,2/2/2023,CUST666,Male,51,Electronics,3,50,150,2023,2,Thursday,February,3,51+
667,8/1/2023,CUST667,Female,29,Electronics,1,500,500,2023,8,Tuesday,August,3,26 to 35
668,7/28/2023,CUST668,Female,62,Electronics,3,50,150,2023,7,Friday,July,3,51+
669,6/19/2023,CUST669,Male,24,Beauty,4,300,1200,2023,6,Monday,June,4,18 to 25
670,10/5/2023,CUST670,Male,27,Beauty,1,30,30,2023,10,Thursday,October,1,26 to 35
671,8/27/2023,CUST671,Male,62,Electronics,3,50,150,2023,8,Sunday,August,3,51+
672,8/1/2023,CUST672,Female,34,Beauty,2,50,100,2023,8,Tuesday,August,2,26 to 35
673,2/1/2023,CUST673,Female,43,Clothing,3,500,1500,2023,2,Wednesday,February,4,36 to 50
674,4/16/2023,CUST674,Female,38,Clothing,1,300,300,2023,4,Sunday,April,3,36 to 50
675,8/4/2023,CUST675,Female,45,Clothing,2,30,60,2023,8,Friday,August,1,36 to 50
676,7/19/2023,CUST676,Male,63,Electronics,3,500,1500,2023,7,Wednesday,July,4,51+
677,10/27/2023,CUST677,Female,19,Beauty,3,500,1500,2023,10,Friday,October,4,18 to 25
678,12/23/2023,CUST678,Female,60,Electronics,3,300,900,2023,12,Saturday,December,3,51+
679,1/11/2023,CUST679,Female,18,Beauty,3,30,90,2023,1,Wednesday,January,2,18 to 25
680,10/22/2023,CUST680,Female,53,Clothing,3,300,900,2023,10,Sunday,October,3,51+
681,7/14/2023,CUST681,Female,43,Electronics,2,30,60,2023,7,Friday,July,1,36 to 50
682,9/2/2023,CUST682,Male,46,Beauty,4,300,1200,2023,9,Saturday,September,4,36 to 50
683,1/4/2023,CUST683,Male,38,Beauty,2,500,1000,2023,1,Wednesday,January,4,36 to 50
684,6/30/2023,CUST684,Female,28,Clothing,2,500,1000,2023,6,Friday,June,4,26 to 35
685,6/2/2023,CUST685,Male,57,Electronics,2,25,50,2023,6,Friday,June,1,51+
686,7/19/2023,CUST686,Female,28,Electronics,4,50,200,2023,7,Wednesday,July,3,26 to 35
687,8/3/2023,CUST687,Female,53,Electronics,1,300,300,2023,8,Thursday,August,3,51+
688,10/3/2023,CUST688,Male,56,Clothing,4,25,100,2023,10,Tuesday,October,2,51+
689,10/7/2023,CUST689,Male,57,Electronics,2,50,100,2023,10,Saturday,October,2,51+
690,11/5/2023,CUST690,Female,52,Clothing,3,300,900,2023,11,Sunday,November,3,51+
691,4/23/2023,CUST691,Female,51,Clothing,3,30,90,2023,4,Sunday,April,2,51+
692,9/7/2023,CUST692,Female,64,Clothing,2,50,100,2023,9,Thursday,September,2,51+
693,4/23/2023,CUST693,Male,41,Beauty,3,500,1500,2023,4,Sunday,April,4,36 to 50
694,5/20/2023,CUST694,Female,39,Electronics,2,25,50,2023,5,Saturday,May,1,36 to 50
695,8/12/2023,CUST695,Female,22,Electronics,3,50,150,2023,8,Saturday,August,3,18 to 25
696,9/6/2023,CUST696,Female,50,Clothing,4,50,200,2023,9,Wednesday,September,3,36 to 50
697,1/15/2023,CUST697,Male,53,Clothing,1,500,500,2023,1,Sunday,January,3,51+
698,7/19/2023,CUST698,Female,64,Electronics,1,300,300,2023,7,Wednesday,July,3,51+
699,6/22/2023,CUST699,Female,37,Clothing,4,30,120,2023,6,Thursday,June,2,36 to 50
700,12/9/2023,CUST700,Male,36,Electronics,4,500,2000,2023,12,Saturday,December,4,36 to 50
701,12/14/2023,CUST701,Female,52,Beauty,2,30,60,2023,12,Thursday,December,1,51+
702,7/27/2023,CUST702,Female,60,Clothing,2,300,600,2023,7,Thursday,July,3,51+
703,3/26/2023,CUST703,Male,34,Electronics,2,50,100,2023,3,Sunday,March,2,26 to 35
704,8/28/2023,CUST704,Female,62,Clothing,3,30,90,2023,8,Monday,August,2,51+
705,3/7/2023,CUST705,Male,60,Electronics,2,25,50,2023,3,Tuesday,March,1,51+
706,11/15/2023,CUST706,Male,51,Electronics,4,25,100,2023,11,Wednesday,November,2,51+
707,10/1/2023,CUST707,Female,26,Clothing,1,500,500,2023,10,Sunday,October,3,26 to 35
708,1/14/2023,CUST708,Female,43,Beauty,3,300,900,2023,1,Saturday,January,3,36 to 50
709,7/21/2023,CUST709,Female,19,Electronics,2,500,1000,2023,7,Friday,July,4,18 to 25
710,10/31/2023,CUST710,Female,26,Electronics,3,500,1500,2023,10,Tuesday,October,4,26 to 35
711,10/16/2023,CUST711,Male,26,Electronics,3,500,1500,2023,10,Monday,October,4,26 to 35
712,12/6/2023,CUST712,Female,57,Beauty,2,25,50,2023,12,Wednesday,December,1,51+
713,1/14/2023,CUST713,Male,34,Beauty,3,25,75,2023,1,Saturday,January,2,26 to 35
714,2/12/2023,CUST714,Female,18,Clothing,1,500,500,2023,2,Sunday,February,3,18 to 25
715,11/26/2023,CUST715,Female,42,Beauty,4,25,100,2023,11,Sunday,November,2,36 to 50
716,8/8/2023,CUST716,Female,60,Clothing,4,300,1200,2023,8,Tuesday,August,4,51+
717,3/11/2023,CUST717,Male,57,Clothing,1,500,500,2023,3,Saturday,March,3,51+
718,8/25/2023,CUST718,Female,59,Beauty,3,25,75,2023,8,Friday,August,2,51+
719,4/4/2023,CUST719,Female,42,Clothing,2,30,60,2023,4,Tuesday,April,1,36 to 50
720,1/26/2023,CUST720,Female,56,Beauty,3,500,1500,2023,1,Thursday,January,4,51+
721,5/14/2023,CUST721,Female,52,Clothing,1,500,500,2023,5,Sunday,May,3,51+
722,7/14/2023,CUST722,Male,20,Beauty,3,300,900,2023,7,Friday,July,3,18 to 25
723,6/17/2023,CUST723,Female,54,Beauty,4,50,200,2023,6,Saturday,June,3,51+
724,4/19/2023,CUST724,Male,61,Clothing,3,50,150,2023,4,Wednesday,April,3,51+
725,8/21/2023,CUST725,Male,61,Electronics,1,300,300,2023,8,Monday,August,3,51+
726,6/17/2023,CUST726,Male,47,Clothing,4,300,1200,2023,6,Saturday,June,4,36 to 50
727,6/22/2023,CUST727,Male,55,Beauty,3,300,900,2023,6,Thursday,June,3,51+
728,7/14/2023,CUST728,Male,51,Electronics,3,50,150,2023,7,Friday,July,3,51+
729,5/23/2023,CUST729,Male,29,Clothing,4,300,1200,2023,5,Tuesday,May,4,26 to 35
730,8/4/2023,CUST730,Female,36,Clothing,2,25,50,2023,8,Friday,August,1,36 to 50
731,5/10/2023,CUST731,Male,54,Clothing,4,500,2000,2023,5,Wednesday,May,4,51+
732,2/11/2023,CUST732,Male,61,Electronics,2,500,1000,2023,2,Saturday,February,4,51+
733,8/29/2023,CUST733,Male,34,Beauty,1,30,30,2023,8,Tuesday,August,1,26 to 35
734,1/10/2023,CUST734,Female,27,Clothing,1,30,30,2023,1,Tuesday,January,1,26 to 35
735,10/4/2023,CUST735,Female,64,Clothing,4,500,2000,2023,10,Wednesday,October,4,51+
736,1/27/2023,CUST736,Male,29,Clothing,4,25,100,2023,1,Friday,January,2,26 to 35
737,6/29/2023,CUST737,Female,33,Clothing,1,50,50,2023,6,Thursday,June,1,26 to 35
738,4/25/2023,CUST738,Male,41,Clothing,2,50,100,2023,4,Tuesday,April,2,36 to 50
739,11/29/2023,CUST739,Male,36,Beauty,1,25,25,2023,11,Wednesday,November,1,36 to 50
740,2/5/2023,CUST740,Female,25,Beauty,4,50,200,2023,2,Sunday,February,3,18 to 25
741,11/30/2023,CUST741,Male,48,Clothing,1,300,300,2023,11,Thursday,November,3,36 to 50
742,1/21/2023,CUST742,Female,38,Electronics,4,500,2000,2023,1,Saturday,January,4,36 to 50
743,1/16/2023,CUST743,Female,34,Beauty,4,500,2000,2023,1,Monday,January,4,26 to 35
744,5/7/2023,CUST744,Male,40,Electronics,1,25,25,2023,5,Sunday,May,1,36 to 50
745,4/13/2023,CUST745,Male,54,Beauty,2,50,100,2023,4,Thursday,April,2,51+
746,1/11/2023,CUST746,Female,33,Clothing,3,30,90,2023,1,Wednesday,January,2,26 to 35
747,11/15/2023,CUST747,Male,23,Beauty,1,30,30,2023,11,Wednesday,November,1,18 to 25
748,3/20/2023,CUST748,Male,25,Clothing,3,50,150,2023,3,Monday,March,3,18 to 25
749,5/3/2023,CUST749,Male,42,Beauty,1,30,30,2023,5,Wednesday,May,1,36 to 50
750,3/6/2023,CUST750,Female,35,Clothing,3,25,75,2023,3,Monday,March,2,26 to 35
751,8/31/2023,CUST751,Female,42,Clothing,2,25,50,2023,8,Thursday,August,1,36 to 50
752,12/9/2023,CUST752,Male,29,Clothing,2,50,100,2023,12,Saturday,December,2,26 to 35
753,2/28/2023,CUST753,Female,32,Clothing,1,30,30,2023,2,Tuesday,February,1,26 to 35
754,10/16/2023,CUST754,Female,43,Electronics,4,25,100,2023,10,Monday,October,2,36 to 50
755,4/22/2023,CUST755,Female,58,Clothing,3,25,75,2023,4,Saturday,April,2,51+
756,8/27/2023,CUST756,Female,62,Electronics,4,300,1200,2023,8,Sunday,August,4,51+
757,12/25/2023,CUST757,Female,43,Electronics,4,300,1200,2023,12,Monday,December,4,36 to 50
758,5/12/2023,CUST758,Male,64,Clothing,4,25,100,2023,5,Friday,May,2,51+
759,7/8/2023,CUST759,Male,49,Electronics,2,50,100,2023,7,Saturday,July,2,36 to 50
760,3/27/2023,CUST760,Male,27,Beauty,1,500,500,2023,3,Monday,March,3,26 to 35
761,11/7/2023,CUST761,Female,33,Clothing,1,500,500,2023,11,Tuesday,November,3,26 to 35
762,11/7/2023,CUST762,Female,24,Electronics,2,25,50,2023,11,Tuesday,November,1,18 to 25
763,2/28/2023,CUST763,Male,34,Clothing,2,25,50,2023,2,Tuesday,February,1,26 to 35
764,3/25/2023,CUST764,Female,40,Clothing,1,25,25,2023,3,Saturday,March,1,36 to 50
765,6/9/2023,CUST765,Male,43,Clothing,4,50,200,2023,6,Friday,June,3,36 to 50
766,2/25/2023,CUST766,Male,38,Electronics,3,300,900,2023,2,Saturday,February,3,36 to 50
767,10/24/2023,CUST767,Male,39,Beauty,3,25,75,2023,10,Tuesday,October,2,36 to 50
768,1/14/2023,CUST768,Female,24,Beauty,3,25,75,2023,1,Saturday,January,2,18 to 25
769,6/9/2023,CUST769,Female,31,Electronics,4,30,120,2023,6,Friday,June,2,26 to 35
770,10/22/2023,CUST770,Male,32,Clothing,1,50,50,2023,10,Sunday,October,1,26 to 35
771,12/13/2023,CUST771,Male,24,Electronics,2,25,50,2023,12,Wednesday,December,1,18 to 25
772,7/12/2023,CUST772,Male,26,Electronics,1,30,30,2023,7,Wednesday,July,1,26 to 35
773,7/23/2023,CUST773,Male,25,Electronics,4,500,2000,2023,7,Sunday,July,4,18 to 25
774,4/12/2023,CUST774,Female,40,Clothing,2,25,50,2023,4,Wednesday,April,1,36 to 50
775,2/8/2023,CUST775,Female,46,Electronics,4,25,100,2023,2,Wednesday,February,2,36 to 50
776,10/31/2023,CUST776,Male,35,Clothing,3,30,90,2023,10,Tuesday,October,2,26 to 35
777,12/20/2023,CUST777,Male,48,Electronics,3,50,150,2023,12,Wednesday,December,3,36 to 50
778,11/18/2023,CUST778,Female,47,Beauty,4,25,100,2023,11,Saturday,November,2,36 to 50
779,5/5/2023,CUST779,Female,56,Electronics,2,500,1000,2023,5,Friday,May,4,51+
780,2/22/2023,CUST780,Male,52,Electronics,2,25,50,2023,2,Wednesday,February,1,51+
781,12/23/2023,CUST781,Male,35,Beauty,1,500,500,2023,12,Saturday,December,3,26 to 35
782,6/4/2023,CUST782,Male,59,Clothing,3,300,900,2023,6,Sunday,June,3,51+
783,12/17/2023,CUST783,Female,56,Clothing,1,300,300,2023,12,Sunday,December,3,51+
784,11/4/2023,CUST784,Female,34,Electronics,1,500,500,2023,11,Saturday,November,3,26 to 35
785,3/3/2023,CUST785,Female,31,Beauty,4,50,200,2023,3,Friday,March,3,26 to 35
786,10/17/2023,CUST786,Male,48,Clothing,4,25,100,2023,10,Tuesday,October,2,36 to 50
787,1/22/2023,CUST787,Male,41,Electronics,1,25,25,2023,1,Sunday,January,1,36 to 50
788,6/27/2023,CUST788,Female,52,Beauty,3,300,900,2023,6,Tuesday,June,3,51+
789,9/30/2023,CUST789,Female,61,Clothing,4,500,2000,2023,9,Saturday,September,4,51+
790,8/8/2023,CUST790,Male,62,Clothing,1,25,25,2023,8,Tuesday,August,1,51+
791,12/5/2023,CUST791,Female,51,Beauty,1,25,25,2023,12,Tuesday,December,1,51+
792,7/9/2023,CUST792,Female,20,Beauty,1,50,50,2023,7,Sunday,July,1,18 to 25
793,2/5/2023,CUST793,Male,54,Beauty,1,30,30,2023,2,Sunday,February,1,51+
794,9/17/2023,CUST794,Female,60,Beauty,1,300,300,2023,9,Sunday,September,3,51+
795,11/28/2023,CUST795,Male,57,Electronics,1,300,300,2023,11,Tuesday,November,3,51+
796,6/24/2023,CUST796,Male,43,Beauty,4,30,120,2023,6,Saturday,June,2,36 to 50
797,1/7/2023,CUST797,Male,40,Clothing,3,25,75,2023,1,Saturday,January,2,36 to 50
798,8/4/2023,CUST798,Male,61,Clothing,1,50,50,2023,8,Friday,August,1,51+
799,9/8/2023,CUST799,Male,56,Electronics,2,50,100,2023,9,Friday,September,2,51+
800,2/24/2023,CUST800,Male,32,Clothing,4,300,1200,2023,2,Friday,February,4,26 to 35
801,8/10/2023,CUST801,Male,21,Clothing,4,50,200,2023,8,Thursday,August,3,18 to 25
802,7/5/2023,CUST802,Female,46,Beauty,1,30,30,2023,7,Wednesday,July,1,36 to 50
803,11/22/2023,CUST803,Male,39,Clothing,4,25,100,2023,11,Wednesday,November,2,36 to 50
804,8/24/2023,CUST804,Male,42,Electronics,1,30,30,2023,8,Thursday,August,1,36 to 50
805,12/29/2023,CUST805,Female,30,Beauty,3,500,1500,2023,12,Friday,December,4,26 to 35
806,3/20/2023,CUST806,Female,35,Beauty,3,300,900,2023,3,Monday,March,3,26 to 35
807,8/11/2023,CUST807,Female,50,Electronics,4,50,200,2023,8,Friday,August,3,36 to 50
808,4/1/2023,CUST808,Male,33,Beauty,4,500,2000,2023,4,Saturday,April,4,26 to 35
809,9/25/2023,CUST809,Female,62,Beauty,2,50,100,2023,9,Monday,September,2,51+
810,11/30/2023,CUST810,Male,59,Electronics,4,25,100,2023,11,Thursday,November,2,51+
811,5/19/2023,CUST811,Male,61,Beauty,2,25,50,2023,5,Friday,May,1,51+
812,11/12/2023,CUST812,Male,19,Electronics,3,25,75,2023,11,Sunday,November,2,18 to 25
813,10/3/2023,CUST813,Male,52,Electronics,3,50,150,2023,10,Tuesday,October,3,51+
814,9/5/2023,CUST814,Female,59,Clothing,1,500,500,2023,9,Tuesday,September,3,51+
815,8/27/2023,CUST815,Female,51,Clothing,3,25,75,2023,8,Sunday,August,2,51+
816,8/12/2023,CUST816,Male,47,Beauty,2,500,1000,2023,8,Saturday,August,4,36 to 50
817,10/31/2023,CUST817,Male,30,Beauty,4,50,200,2023,10,Tuesday,October,3,26 to 35
818,5/18/2023,CUST818,Male,30,Electronics,1,500,500,2023,5,Thursday,May,3,26 to 35
819,6/15/2023,CUST819,Female,35,Beauty,2,50,100,2023,6,Thursday,June,2,26 to 35
820,5/6/2023,CUST820,Male,49,Electronics,4,50,200,2023,5,Saturday,May,3,36 to 50
821,2/14/2023,CUST821,Male,49,Electronics,1,300,300,2023,2,Tuesday,February,3,36 to 50
822,5/23/2023,CUST822,Female,52,Beauty,3,50,150,2023,5,Tuesday,May,3,51+
823,8/19/2023,CUST823,Female,56,Electronics,2,50,100,2023,8,Saturday,August,2,51+
824,5/5/2023,CUST824,Male,63,Clothing,4,30,120,2023,5,Friday,May,2,51+
825,8/26/2023,CUST825,Female,46,Beauty,1,25,25,2023,8,Saturday,August,1,36 to 50
826,10/19/2023,CUST826,Female,46,Clothing,1,300,300,2023,10,Thursday,October,3,36 to 50
827,11/9/2023,CUST827,Male,61,Beauty,3,300,900,2023,11,Thursday,November,3,51+
828,12/9/2023,CUST828,Female,33,Electronics,4,300,1200,2023,12,Saturday,December,4,26 to 35
829,7/14/2023,CUST829,Male,61,Beauty,3,30,90,2023,7,Friday,July,2,51+
830,6/22/2023,CUST830,Female,64,Clothing,3,50,150,2023,6,Thursday,June,3,51+
831,1/15/2023,CUST831,Male,27,Electronics,4,25,100,2023,1,Sunday,January,2,26 to 35
832,9/11/2023,CUST832,Male,47,Beauty,4,500,2000,2023,9,Monday,September,4,36 to 50
833,6/16/2023,CUST833,Male,42,Beauty,4,50,200,2023,6,Friday,June,3,36 to 50
834,4/4/2023,CUST834,Female,56,Beauty,2,30,60,2023,4,Tuesday,April,1,51+
835,9/7/2023,CUST835,Male,37,Clothing,4,50,200,2023,9,Thursday,September,3,36 to 50
836,4/19/2023,CUST836,Female,22,Clothing,1,50,50,2023,4,Wednesday,April,1,18 to 25
837,7/1/2023,CUST837,Male,18,Beauty,3,30,90,2023,7,Saturday,July,2,18 to 25
838,5/13/2023,CUST838,Male,47,Electronics,2,300,600,2023,5,Saturday,May,3,36 to 50
839,6/24/2023,CUST839,Female,20,Electronics,4,300,1200,2023,6,Saturday,June,4,18 to 25
840,5/24/2023,CUST840,Male,62,Clothing,2,25,50,2023,5,Wednesday,May,1,51+
841,11/2/2023,CUST841,Male,31,Electronics,4,25,100,2023,11,Thursday,November,2,26 to 35
842,12/26/2023,CUST842,Female,47,Clothing,2,300,600,2023,12,Tuesday,December,3,36 to 50
843,5/22/2023,CUST843,Male,21,Beauty,3,500,1500,2023,5,Monday,May,4,18 to 25
844,10/12/2023,CUST844,Male,35,Clothing,3,50,150,2023,10,Thursday,October,3,26 to 35
845,1/6/2023,CUST845,Male,54,Clothing,1,500,500,2023,1,Friday,January,3,51+
846,9/22/2023,CUST846,Male,42,Beauty,1,50,50,2023,9,Friday,September,1,36 to 50
847,4/8/2023,CUST847,Female,18,Electronics,4,300,1200,2023,4,Saturday,April,4,18 to 25
848,2/13/2023,CUST848,Female,63,Clothing,3,25,75,2023,2,Monday,February,2,51+
849,5/4/2023,CUST849,Male,32,Clothing,2,25,50,2023,5,Thursday,May,1,26 to 35
850,7/28/2023,CUST850,Female,26,Beauty,2,500,1000,2023,7,Friday,July,4,26 to 35
851,9/8/2023,CUST851,Male,32,Electronics,2,25,50,2023,9,Friday,September,1,26 to 35
852,10/12/2023,CUST852,Female,41,Clothing,1,300,300,2023,10,Thursday,October,3,36 to 50
853,5/4/2023,CUST853,Male,21,Beauty,2,500,1000,2023,5,Thursday,May,4,18 to 25
854,12/20/2023,CUST854,Male,29,Clothing,1,50,50,2023,12,Wednesday,December,1,26 to 35
855,9/1/2023,CUST855,Male,54,Beauty,1,25,25,2023,9,Friday,September,1,51+
856,11/27/2023,CUST856,Male,54,Electronics,4,30,120,2023,11,Monday,November,2,51+
857,12/31/2023,CUST857,Male,60,Electronics,2,25,50,2023,12,Sunday,December,1,51+
858,9/9/2023,CUST858,Male,23,Electronics,2,50,100,2023,9,Saturday,September,2,18 to 25
859,8/18/2023,CUST859,Female,56,Electronics,3,500,1500,2023,8,Friday,August,4,51+
860,1/9/2023,CUST860,Male,63,Clothing,4,50,200,2023,1,Monday,January,3,51+
861,2/17/2023,CUST861,Female,41,Clothing,3,30,90,2023,2,Friday,February,2,36 to 50
862,5/31/2023,CUST862,Male,28,Electronics,4,300,1200,2023,5,Wednesday,May,4,26 to 35
863,4/24/2023,CUST863,Female,30,Electronics,2,25,50,2023,4,Monday,April,1,26 to 35
864,7/27/2023,CUST864,Female,51,Electronics,1,500,500,2023,7,Thursday,July,3,51+
865,12/21/2023,CUST865,Female,42,Clothing,1,300,300,2023,12,Thursday,December,3,36 to 50
866,5/5/2023,CUST866,Male,24,Electronics,1,50,50,2023,5,Friday,May,1,18 to 25
867,6/6/2023,CUST867,Male,21,Electronics,1,500,500,2023,6,Tuesday,June,3,18 to 25
868,12/6/2023,CUST868,Female,25,Electronics,1,300,300,2023,12,Wednesday,December,3,18 to 25
869,10/25/2023,CUST869,Male,37,Beauty,3,500,1500,2023,10,Wednesday,October,4,36 to 50
870,7/8/2023,CUST870,Female,46,Electronics,4,30,120,2023,7,Saturday,July,2,36 to 50
871,8/31/2023,CUST871,Male,62,Beauty,2,30,60,2023,8,Thursday,August,1,51+
872,10/11/2023,CUST872,Female,63,Beauty,3,25,75,2023,10,Wednesday,October,2,51+
873,9/29/2023,CUST873,Female,27,Electronics,4,25,100,2023,9,Friday,September,2,26 to 35
874,6/26/2023,CUST874,Male,60,Beauty,1,30,30,2023,6,Monday,June,1,51+
875,8/6/2023,CUST875,Female,51,Electronics,4,500,2000,2023,8,Sunday,August,4,51+
876,10/9/2023,CUST876,Male,43,Clothing,4,30,120,2023,10,Monday,October,2,36 to 50
877,6/19/2023,CUST877,Female,58,Clothing,1,25,25,2023,6,Monday,June,1,51+
878,6/30/2023,CUST878,Female,20,Clothing,1,30,30,2023,6,Friday,June,1,18 to 25
879,12/26/2023,CUST879,Male,23,Clothing,1,30,30,2023,12,Tuesday,December,1,18 to 25
880,8/21/2023,CUST880,Male,22,Beauty,2,500,1000,2023,8,Monday,August,4,18 to 25
881,5/19/2023,CUST881,Male,22,Electronics,1,300,300,2023,5,Friday,May,3,18 to 25
882,6/6/2023,CUST882,Female,64,Electronics,2,25,50,2023,6,Tuesday,June,1,51+
883,5/9/2023,CUST883,Male,40,Electronics,1,500,500,2023,5,Tuesday,May,3,36 to 50
884,4/29/2023,CUST884,Female,26,Clothing,2,30,60,2023,4,Saturday,April,1,26 to 35
885,3/3/2023,CUST885,Female,52,Clothing,4,30,120,2023,3,Friday,March,2,51+
886,4/9/2023,CUST886,Male,37,Electronics,3,300,900,2023,4,Sunday,April,3,36 to 50
887,6/11/2023,CUST887,Male,59,Clothing,4,25,100,2023,6,Sunday,June,2,51+
888,3/3/2023,CUST888,Female,52,Electronics,4,25,100,2023,3,Friday,March,2,51+
889,10/2/2023,CUST889,Female,35,Electronics,1,50,50,2023,10,Monday,October,1,26 to 35
890,12/20/2023,CUST890,Male,34,Electronics,2,25,50,2023,12,Wednesday,December,1,26 to 35
891,4/5/2023,CUST891,Male,41,Electronics,3,300,900,2023,4,Wednesday,April,3,36 to 50
892,4/9/2023,CUST892,Male,20,Electronics,1,50,50,2023,4,Sunday,April,1,18 to 25
893,4/21/2023,CUST893,Male,49,Electronics,1,50,50,2023,4,Friday,April,1,36 to 50
894,9/5/2023,CUST894,Male,52,Electronics,1,30,30,2023,9,Tuesday,September,1,51+
895,5/22/2023,CUST895,Female,55,Clothing,4,30,120,2023,5,Monday,May,2,51+
896,10/29/2023,CUST896,Female,30,Electronics,2,25,50,2023,10,Sunday,October,1,26 to 35
897,9/26/2023,CUST897,Female,64,Electronics,2,50,100,2023,9,Tuesday,September,2,51+
898,11/2/2023,CUST898,Female,42,Clothing,3,30,90,2023,11,Thursday,November,2,36 to 50
899,5/25/2023,CUST899,Male,26,Clothing,2,300,600,2023,5,Thursday,May,3,26 to 35
900,2/21/2023,CUST900,Male,21,Clothing,2,30,60,2023,2,Tuesday,February,1,18 to 25
901,4/10/2023,CUST901,Male,31,Electronics,1,30,30,2023,4,Monday,April,1,26 to 35
902,6/1/2023,CUST902,Female,54,Beauty,1,50,50,2023,6,Thursday,June,1,51+
903,4/27/2023,CUST903,Female,51,Beauty,4,50,200,2023,4,Thursday,April,3,51+
904,7/4/2023,CUST904,Male,28,Clothing,1,500,500,2023,7,Tuesday,July,3,26 to 35
905,4/2/2023,CUST905,Male,58,Beauty,1,300,300,2023,4,Sunday,April,3,51+
906,6/4/2023,CUST906,Female,20,Clothing,1,50,50,2023,6,Sunday,June,1,18 to 25
907,1/8/2023,CUST907,Female,45,Electronics,1,25,25,2023,1,Sunday,January,1,36 to 50
908,12/29/2023,CUST908,Male,46,Beauty,4,300,1200,2023,12,Friday,December,4,36 to 50
909,10/1/2023,CUST909,Male,26,Electronics,1,300,300,2023,10,Sunday,October,3,26 to 35
910,3/6/2023,CUST910,Female,20,Beauty,3,50,150,2023,3,Monday,March,3,18 to 25
911,5/21/2023,CUST911,Male,42,Electronics,3,300,900,2023,5,Sunday,May,3,36 to 50
912,1/24/2023,CUST912,Male,51,Beauty,3,50,150,2023,1,Tuesday,January,3,51+
913,1/28/2023,CUST913,Male,29,Electronics,3,30,90,2023,1,Saturday,January,2,26 to 35
914,10/11/2023,CUST914,Female,59,Electronics,1,500,500,2023,10,Wednesday,October,3,51+
915,5/30/2023,CUST915,Female,26,Beauty,3,30,90,2023,5,Tuesday,May,2,26 to 35
916,12/24/2023,CUST916,Female,32,Electronics,1,50,50,2023,12,Sunday,December,1,26 to 35
917,3/6/2023,CUST917,Female,57,Electronics,4,50,200,2023,3,Monday,March,3,51+
918,11/23/2023,CUST918,Female,42,Electronics,3,30,90,2023,11,Thursday,November,2,36 to 50
919,9/9/2023,CUST919,Female,22,Beauty,2,25,50,2023,9,Saturday,September,1,18 to 25
920,2/22/2023,CUST920,Female,28,Beauty,3,25,75,2023,2,Wednesday,February,2,26 to 35
921,1/7/2023,CUST921,Male,51,Electronics,3,25,75,2023,1,Saturday,January,2,51+
922,10/21/2023,CUST922,Male,41,Electronics,1,50,50,2023,10,Saturday,October,1,36 to 50
923,5/26/2023,CUST923,Male,32,Beauty,3,300,900,2023,5,Friday,May,3,26 to 35
924,8/29/2023,CUST924,Male,55,Beauty,2,50,100,2023,8,Tuesday,August,2,51+
925,9/3/2023,CUST925,Male,25,Electronics,1,300,300,2023,9,Sunday,September,3,18 to 25
926,8/14/2023,CUST926,Male,22,Electronics,1,30,30,2023,8,Monday,August,1,18 to 25
927,6/24/2023,CUST927,Male,43,Electronics,4,500,2000,2023,6,Saturday,June,4,36 to 50
928,4/5/2023,CUST928,Female,35,Clothing,4,300,1200,2023,4,Wednesday,April,4,26 to 35
929,1/27/2023,CUST929,Female,23,Beauty,3,25,75,2023,1,Friday,January,2,18 to 25
930,5/10/2023,CUST930,Male,54,Clothing,4,50,200,2023,5,Wednesday,May,3,51+
931,9/2/2023,CUST931,Male,30,Beauty,4,30,120,2023,9,Saturday,September,2,26 to 35
932,2/28/2023,CUST932,Female,45,Beauty,4,25,100,2023,2,Tuesday,February,2,36 to 50
933,2/3/2023,CUST933,Male,22,Beauty,1,30,30,2023,2,Friday,February,1,18 to 25
934,7/25/2023,CUST934,Male,30,Beauty,1,500,500,2023,7,Tuesday,July,3,26 to 35
935,9/9/2023,CUST935,Female,34,Beauty,1,50,50,2023,9,Saturday,September,1,26 to 35
936,2/7/2023,CUST936,Male,57,Beauty,4,50,200,2023,2,Tuesday,February,3,51+
937,10/23/2023,CUST937,Female,62,Beauty,1,500,500,2023,10,Monday,October,3,51+
938,11/19/2023,CUST938,Male,49,Clothing,4,50,200,2023,11,Sunday,November,3,36 to 50
939,12/18/2023,CUST939,Female,46,Electronics,1,300,300,2023,12,Monday,December,3,36 to 50
940,1/28/2023,CUST940,Female,20,Electronics,1,30,30,2023,1,Saturday,January,1,18 to 25
941,3/19/2023,CUST941,Female,57,Clothing,2,25,50,2023,3,Sunday,March,1,51+
942,3/18/2023,CUST942,Male,51,Clothing,3,500,1500,2023,3,Saturday,March,4,51+
943,10/16/2023,CUST943,Female,57,Clothing,4,300,1200,2023,10,Monday,October,4,51+
944,6/5/2023,CUST944,Male,44,Clothing,2,25,50,2023,6,Monday,June,1,36 to 50
945,2/13/2023,CUST945,Male,30,Beauty,1,25,25,2023,2,Monday,February,1,26 to 35
946,5/8/2023,CUST946,Male,62,Electronics,4,500,2000,2023,5,Monday,May,4,51+
947,3/2/2023,CUST947,Male,50,Beauty,1,300,300,2023,3,Thursday,March,3,36 to 50
948,10/13/2023,CUST948,Female,23,Electronics,3,25,75,2023,10,Friday,October,2,18 to 25
949,8/2/2023,CUST949,Female,41,Electronics,2,25,50,2023,8,Wednesday,August,1,36 to 50
950,11/7/2023,CUST950,Male,36,Clothing,3,300,900,2023,11,Tuesday,November,3,36 to 50
951,11/2/2023,CUST951,Male,33,Beauty,2,50,100,2023,11,Thursday,November,2,26 to 35
952,11/13/2023,CUST952,Female,57,Clothing,1,25,25,2023,11,Monday,November,1,51+
953,4/26/2023,CUST953,Male,45,Beauty,3,30,90,2023,4,Wednesday,April,2,36 to 50
954,9/25/2023,CUST954,Female,50,Electronics,3,300,900,2023,9,Monday,September,3,36 to 50
955,7/14/2023,CUST955,Male,58,Clothing,1,25,25,2023,7,Friday,July,1,51+
956,8/19/2023,CUST956,Male,30,Clothing,3,500,1500,2023,8,Saturday,August,4,26 to 35
957,8/15/2023,CUST957,Female,60,Electronics,4,30,120,2023,8,Tuesday,August,2,51+
958,6/2/2023,CUST958,Male,62,Electronics,2,25,50,2023,6,Friday,June,1,51+
959,10/29/2023,CUST959,Female,42,Electronics,2,30,60,2023,10,Sunday,October,1,36 to 50
960,8/8/2023,CUST960,Male,59,Clothing,2,30,60,2023,8,Tuesday,August,1,51+
961,6/6/2023,CUST961,Male,53,Beauty,4,50,200,2023,6,Tuesday,June,3,51+
962,10/19/2023,CUST962,Male,44,Clothing,2,30,60,2023,10,Thursday,October,1,36 to 50
963,11/14/2023,CUST963,Female,55,Beauty,1,50,50,2023,11,Tuesday,November,1,51+
964,1/31/2023,CUST964,Male,24,Clothing,3,300,900,2023,1,Tuesday,January,3,18 to 25
965,11/9/2023,CUST965,Male,22,Clothing,4,50,200,2023,11,Thursday,November,3,18 to 25
966,2/20/2023,CUST966,Male,60,Electronics,2,500,1000,2023,2,Monday,February,4,51+
967,4/17/2023,CUST967,Male,62,Beauty,1,25,25,2023,4,Monday,April,1,51+
968,11/17/2023,CUST968,Female,48,Clothing,3,300,900,2023,11,Friday,November,3,36 to 50
969,4/19/2023,CUST969,Female,40,Clothing,3,300,900,2023,4,Wednesday,April,3,36 to 50
970,5/16/2023,CUST970,Male,59,Electronics,4,500,2000,2023,5,Tuesday,May,4,51+
971,12/5/2023,CUST971,Female,27,Electronics,4,50,200,2023,12,Tuesday,December,3,26 to 35
972,2/11/2023,CUST972,Male,49,Beauty,4,25,100,2023,2,Saturday,February,2,36 to 50
973,3/22/2023,CUST973,Male,60,Clothing,1,50,50,2023,3,Wednesday,March,1,51+
974,5/3/2023,CUST974,Male,47,Beauty,1,30,30,2023,5,Wednesday,May,1,36 to 50
975,3/30/2023,CUST975,Female,56,Clothing,4,50,200,2023,3,Thursday,March,3,51+
976,10/10/2023,CUST976,Female,48,Beauty,2,300,600,2023,10,Tuesday,October,3,36 to 50
977,2/8/2023,CUST977,Female,35,Electronics,3,25,75,2023,2,Wednesday,February,2,26 to 35
978,3/22/2023,CUST978,Female,53,Clothing,3,50,150,2023,3,Wednesday,March,3,51+
979,1/2/2023,CUST979,Female,19,Beauty,1,25,25,2023,1,Monday,January,1,18 to 25
980,7/29/2023,CUST980,Female,31,Electronics,3,25,75,2023,7,Saturday,July,2,26 to 35
981,8/19/2023,CUST981,Female,30,Electronics,2,30,60,2023,8,Saturday,August,1,26 to 35
982,12/19/2023,CUST982,Female,46,Beauty,3,30,90,2023,12,Tuesday,December,2,36 to 50
983,11/1/2023,CUST983,Female,29,Clothing,1,300,300,2023,11,Wednesday,November,3,26 to 35
984,8/29/2023,CUST984,Male,56,Clothing,1,500,500,2023,8,Tuesday,August,3,51+
985,5/30/2023,CUST985,Female,19,Electronics,2,25,50,2023,5,Tuesday,May,1,18 to 25
986,1/17/2023,CUST986,Female,49,Clothing,2,500,1000,2023,1,Tuesday,January,4,36 to 50
987,4/29/2023,CUST987,Female,30,Clothing,3,300,900,2023,4,Saturday,April,3,26 to 35
988,5/28/2023,CUST988,Female,63,Clothing,3,25,75,2023,5,Sunday,May,2,51+
989,12/28/2023,CUST989,Female,44,Electronics,1,25,25,2023,12,Thursday,December,1,36 to 50
990,5/25/2023,CUST990,Female,58,Beauty,2,500,1000,2023,5,Thursday,May,4,51+
991,12/26/2023,CUST991,Female,34,Clothing,2,50,100,2023,12,Tuesday,December,2,26 to 35
992,8/21/2023,CUST992,Female,57,Electronics,2,30,60,2023,8,Monday,August,1,51+
993,2/6/2023,CUST993,Female,48,Electronics,3,50,150,2023,2,Monday,February,3,36 to 50
994,12/18/2023,CUST994,Female,51,Beauty,2,500,1000,2023,12,Monday,December,4,51+
995,4/30/2023,CUST995,Female,41,Clothing,1,30,30,2023,4,Sunday,April,1,36 to 50
996,5/16/2023,CUST996,Male,62,Clothing,1,50,50,2023,5,Tuesday,May,1,51+
997,11/17/2023,CUST997,Male,52,Beauty,3,30,90,2023,11,Friday,November,2,51+
998,10/29/2023,CUST998,Female,23,Beauty,4,25,100,2023,10,Sunday,October,2,18 to 25
999,12/5/2023,CUST999,Female,36,Electronics,3,50,150,2023,12,Tuesday,December,3,36 to 50
1000,4/12/2023,CUST1000,Male,47,Electronics,4,30,120,2023,4,Wednesday,April,2,36 to 50
